LI,EF,DF,HL,rollout_method,hertg_method,done,percent_done,cumulative_reward,num_actions,computation_time,computation_per_action,rollout_pre_collision_stop,collision_failure,trial_config
25,0.1,1.0,6,random_same,dynamic,False,49.55447722663775,0.5544348663680899,12,0.8347799559996929,0.06956499633330775,False,True,trial_45
25,0.1,1.0,6,random_same,dynamic,False,49.54767948091284,0.5526886474496467,12,0.8744848930000444,0.07287374108333704,False,True,trial_45
25,0.1,1.0,6,random_same,dynamic,False,49.1121719368323,0.5341784801367019,12,0.8981425470010436,0.07484521225008696,False,True,trial_45
25,0.1,1.0,6,random_same,dynamic,False,49.565080404407745,0.5545408981457898,12,1.0975722189978114,0.09146435158315096,False,True,trial_45
25,0.1,1.0,6,random_same,dynamic,False,49.120626708104076,0.5342630278494197,12,1.2312318019976374,0.10260265016646979,False,True,trial_45
25,0.1,1.0,6,random_same,dynamic,False,49.13849743880318,0.5344417351564107,12,1.2472835920016223,0.10394029933346853,False,True,trial_45
25,0.1,1.0,6,random_same,dynamic,False,49.543344420601066,0.5543235383077232,12,1.3106950079964008,0.10922458399970007,False,True,trial_45
25,0.1,1.0,6,random_same,dynamic,False,49.548242420866806,0.5543725183103805,12,1.6238255270000082,0.13531879391666735,False,True,trial_45
25,0.1,1.0,6,random_same,dynamic,False,49.123325267888355,0.5342900134472626,12,1.6858236820007733,0.14048530683339777,False,True,trial_45
25,0.1,1.0,6,random_same,dynamic,False,49.55313628141313,0.5527432154546496,12,1.7058799719998206,0.1421566643333184,False,True,trial_45
25,0.1,1.0,6,random_same,dynamic,False,49.533373135666366,0.5542238254583761,12,1.7065363039982913,0.14221135866652426,False,True,trial_45
25,0.1,1.0,6,random_same,dynamic,False,49.549165626245994,0.5543817503641724,12,1.7587496449996252,0.14656247041663542,False,True,trial_45
25,0.1,1.0,6,random_same,dynamic,False,49.11957252773228,0.5359168169403588,12,1.8945914959986112,0.15788262466655092,False,True,trial_45
25,0.1,1.0,6,random_same,dynamic,False,0.0,-0.024330464620324815,400,7.2157536080012505,0.018039384020003126,False,False,trial_51
25,0.1,1.0,6,random_same,dynamic,False,0.0,-0.024330464620324815,400,9.14971625600083,0.022874290640002074,False,False,trial_51
25,0.1,1.0,6,random_same,dynamic,False,0.0,-0.024330464620324815,400,9.22305204100121,0.023057630102503026,False,False,trial_51
25,0.1,1.0,6,random_same,dynamic,False,0.0,-0.024330464620324815,400,9.304693240999768,0.02326173310249942,False,False,trial_51
25,0.1,1.0,6,random_same,dynamic,False,0.0,-0.024330464620324815,400,9.070498403001693,0.022676246007504234,False,False,trial_51
25,0.1,1.0,6,random_same,dynamic,False,0.0,-0.024330464620324815,400,9.015375029001007,0.022538437572502516,False,False,trial_51
25,0.1,1.0,6,random_same,dynamic,False,0.0,-0.024330464620324815,400,8.827129292996688,0.02206782323249172,False,False,trial_51
25,0.1,1.0,6,random_same,dynamic,False,0.0,-0.024330464620324815,400,8.825430361001054,0.022063575902502634,False,False,trial_51
25,0.1,1.0,6,random_same,dynamic,False,0.0,-0.024330464620324815,400,9.555037736998202,0.023887594342495502,False,False,trial_51
25,0.1,1.0,6,random_same,dynamic,False,0.0,-0.024330464620324815,400,9.76954645600199,0.024423866140004975,False,False,trial_51
25,0.1,1.0,6,random_same,dynamic,False,0.0,-0.024330464620324815,400,9.148798669000826,0.022871996672502063,False,False,trial_51
25,0.1,1.0,6,random_same,dynamic,False,0.0,-0.024330464620324815,400,10.087657751999359,0.025219144379998396,False,False,trial_51
25,0.1,1.0,6,random_same,dynamic,False,0.0,-0.024330464620324815,400,10.314625494000211,0.025786563735000528,False,False,trial_51
25,0.1,1.0,6,random_same,dynamic,False,0.0,-0.024330464620324815,400,9.94877701599762,0.02487194253999405,False,False,trial_51
25,0.1,1.0,6,random_same,dynamic,False,83.33333333333334,0.9422315777617929,400,20.144287887000246,0.05036071971750061,False,False,trial_60
25,0.1,1.0,6,random_same,dynamic,False,0.0,-0.024330464620324815,400,11.469562365000456,0.02867390591250114,False,False,trial_51
25,0.1,1.0,6,random_same,dynamic,False,66.66666666666667,0.788484204720231,400,12.449166925998725,0.031122917314996813,False,False,trial_46
25,0.1,1.0,6,random_same,dynamic,False,66.66666666666667,0.788484204720231,400,12.964286792001076,0.03241071698000269,False,False,trial_46
25,0.1,1.0,6,random_same,dynamic,False,66.66666666666667,0.788484204720231,400,13.699388852000993,0.03424847213000248,False,False,trial_46
25,0.1,1.0,6,random_same,dynamic,False,74.35125929039752,0.8405011870347541,36,3.534209393998026,0.09817248316661183,False,True,trial_46
25,0.1,1.0,6,random_same,dynamic,False,83.33333333333334,0.9748998607344508,400,27.270160273998044,0.06817540068499511,False,False,trial_60
25,0.1,1.0,6,random_same,dynamic,False,83.33333333333334,0.9602030942271459,400,27.68041069299943,0.06920102673249857,False,False,trial_60
25,0.1,1.0,6,random_same,dynamic,False,75.0,0.8827447414596482,400,18.113483150998945,0.045283707877497366,False,False,trial_46
25,0.1,1.0,6,random_same,dynamic,False,83.33333333333334,0.9706590579111296,400,20.529535599001974,0.051323838997504936,False,False,trial_46
25,0.1,1.0,6,random_same,dynamic,False,83.33333333333334,0.9660632495077527,400,19.476262588999816,0.04869065647249954,False,False,trial_46
25,0.1,1.0,6,random_same,dynamic,False,83.33333333333334,0.9759445912776162,400,31.374514482999075,0.0784362862074977,False,False,trial_60
25,0.1,1.0,6,random_same,dynamic,False,50.0,0.5929720230397124,400,32.472236474000965,0.08118059118500241,False,False,trial_45
25,0.1,1.0,6,random_same,dynamic,False,82.86623223515687,0.9583328413351817,400,22.681218370998977,0.05670304592749744,False,False,trial_46
25,0.1,1.0,6,random_same,dynamic,False,82.86023264248642,0.9582728454084771,400,23.08922091400018,0.05772305228500045,False,False,trial_46
25,0.1,1.0,6,random_same,dynamic,False,83.33333333333334,0.9770371427785207,400,23.3102623090017,0.05827565577250425,False,False,trial_46
25,0.1,1.0,6,random_same,dynamic,False,50.0,0.5895112938600485,400,34.76981294600046,0.08692453236500114,False,False,trial_45
25,0.1,1.0,6,random_same,dynamic,False,83.33333333333334,0.9828088856977731,400,23.923795258997416,0.05980948814749354,False,False,trial_46
25,0.1,1.0,6,random_same,dynamic,False,75.0,0.8827790377597062,400,17.415082667001116,0.04353770666750279,False,False,trial_46
25,0.1,1.0,6,random_same,dynamic,False,83.33333333333334,0.9488673758982441,400,39.453299917997356,0.09863324979499338,False,False,trial_60
25,0.1,1.0,6,random_same,dynamic,False,83.33333333333334,0.9488673758982442,400,39.95658205899963,0.09989145514749907,False,False,trial_60
25,0.1,1.0,6,random_same,dynamic,False,82.73025855148956,0.9303717671649431,400,40.80219074300112,0.1020054768575028,False,False,trial_60
25,0.1,1.0,6,random_same,dynamic,False,82.70623243830568,0.9301315060331043,400,40.799810985001386,0.10199952746250346,False,False,trial_60
25,0.1,1.0,6,random_same,dynamic,False,82.70659654215574,0.9301351470716047,400,41.05765525100287,0.10264413812750718,False,False,trial_60
25,0.1,1.0,6,random_same,dynamic,False,82.71746387315308,0.9302438203815782,400,41.40809083400018,0.10352022708500044,False,False,trial_60
25,0.1,1.0,6,random_same,dynamic,False,82.86623223515687,0.9583328413351817,400,22.711995248002495,0.05677998812000624,False,False,trial_46
25,0.1,1.0,6,random_same,dynamic,False,82.73334034281696,0.9304025850782169,400,41.558031775002746,0.10389507943750687,False,False,trial_60
25,0.1,1.0,6,random_same,dynamic,False,83.33333333333334,0.9092334620887577,400,42.46194723000008,0.1061548680750002,False,False,trial_60
25,0.1,1.0,6,random_same,dynamic,False,83.33333333333334,0.9488673758982443,400,42.954934715999116,0.10738733678999779,False,False,trial_60
25,0.1,1.0,6,random_same,dynamic,False,82.7193270078701,0.9302624517287486,400,43.17773124499945,0.10794432811249863,False,False,trial_60
25,0.1,1.0,6,random_same,dynamic,False,82.71523982444961,0.9302215798945437,400,43.23570879500039,0.10808927198750098,False,False,trial_60
25,0.1,1.0,6,random_same,dynamic,False,82.85792035159042,0.9440252931371925,400,25.31426005600224,0.0632856501400056,False,False,trial_46
25,0.1,1.0,6,random_same,dynamic,False,91.2488664757536,1.0270407721244323,400,38.56659247399875,0.09641648118499688,False,False,trial_46
25,0.1,1.0,6,random_same,dynamic,False,41.666666666666664,0.4958333333333333,400,30.43782411600114,0.07609456029000285,False,False,trial_45
25,0.1,1.0,6,random_same,dynamic,False,41.666666666666664,0.49583333333333335,400,29.453136868,0.07363284217,False,False,trial_45
25,0.1,1.0,6,random_same,dynamic,False,41.666666666666664,0.4958333333333334,400,33.61193767700024,0.0840298441925006,False,False,trial_45
25,0.1,1.0,6,random_same,dynamic,False,41.666666666666664,0.49583333333333335,400,30.891865550001967,0.07722966387500492,False,False,trial_45
25,0.1,1.0,6,random_same,dynamic,False,41.666666666666664,0.4958333333333334,400,35.262581102000695,0.08815645275500174,False,False,trial_45
25,0.1,1.0,6,random_same,dynamic,False,41.666666666666664,0.49583333333333335,400,31.06587428900093,0.07766468572250233,False,False,trial_45
25,0.1,1.0,6,random_same,dynamic,False,41.666666666666664,0.4958333333333334,400,31.395894609002426,0.07848973652250607,False,False,trial_45
25,0.1,1.0,6,random_same,dynamic,False,41.666666666666664,0.4958333333333334,400,31.071189164002135,0.07767797291000533,False,False,trial_45
25,0.1,1.0,6,random_same,dynamic,False,41.666666666666664,0.49583333333333324,400,31.60436880600173,0.07901092201500433,False,False,trial_45
25,0.1,1.0,6,random_same,dynamic,False,41.666666666666664,0.49583333333333335,400,33.645843768001214,0.08411460942000304,False,False,trial_45
25,0.1,1.0,6,random_same,dynamic,False,41.666666666666664,0.49583333333333335,400,33.775186942999426,0.08443796735749856,False,False,trial_45
25,0.1,1.0,6,random_same,dynamic,False,41.666666666666664,0.49583333333333335,400,32.10307336999904,0.08025768342499759,False,False,trial_45
25,0.1,1.0,6,random_same,dynamic,False,0.0,0.0,400,10.65169684799912,0.026629242119997797,False,False,trial_51
25,0.1,1.0,6,random_same,dynamic,False,41.666666666666664,0.49583333333333335,400,33.98604003999935,0.08496510009999839,False,False,trial_45
25,0.1,1.0,6,random_same,dynamic,False,58.33333333333333,0.6941666666666667,400,26.23722767700019,0.06559306919250048,False,False,trial_60
25,0.1,1.0,6,random_same,dynamic,False,0.0,0.0,400,10.506964223000978,0.026267410557502445,False,False,trial_51
25,0.1,1.0,6,random_same,dynamic,False,58.33333333333333,0.6941666666666665,400,29.896684041003027,0.07474171010250757,False,False,trial_60
25,0.1,1.0,6,random_same,dynamic,False,0.0,0.0,400,9.02963778299818,0.022574094457495447,False,False,trial_51
25,0.1,1.0,6,random_same,dynamic,False,0.0,0.0,400,10.586462430997926,0.026466156077494817,False,False,trial_51
25,0.1,1.0,6,random_same,dynamic,False,0.0,0.0,400,9.608997995997925,0.02402249498999481,False,False,trial_51
25,0.1,1.0,6,random_same,dynamic,False,58.33333333333333,0.6941666666666667,400,27.77813608499855,0.06944534021249638,False,False,trial_60
25,0.1,1.0,6,random_same,dynamic,False,41.666666666666664,0.49583333333333335,400,34.55348047499865,0.08638370118749662,False,False,trial_45
25,0.1,1.0,6,random_same,dynamic,False,58.33333333333333,0.6941666666666667,400,28.074991378998675,0.07018747844749669,False,False,trial_60
25,0.1,1.0,6,random_same,dynamic,False,0.0,0.0,400,11.185808914000518,0.027964522285001295,False,False,trial_51
25,0.1,1.0,6,random_same,dynamic,False,58.33333333333333,0.6941666666666667,400,31.12524278300043,0.07781310695750107,False,False,trial_60
25,0.1,1.0,6,random_same,dynamic,False,58.33333333333333,0.6941666666666667,400,29.8338228299981,0.07458455707499524,False,False,trial_60
25,0.1,1.0,6,random_same,dynamic,False,58.33333333333333,0.6941666666666666,400,29.65462197600209,0.07413655494000522,False,False,trial_60
25,0.1,1.0,6,random_same,dynamic,False,0.0,0.0,400,8.609270582001045,0.021523176455002613,False,False,trial_51
25,0.1,1.0,6,random_same,dynamic,False,58.33333333333333,0.6941666666666667,400,30.248442602001887,0.07562110650500471,False,False,trial_60
25,0.1,1.0,6,random_same,dynamic,False,58.33333333333333,0.6941666666666666,400,28.79313281499708,0.0719828320374927,False,False,trial_60
25,0.1,1.0,6,random_same,dynamic,False,41.666666666666664,0.49583333333333335,400,37.72438786099883,0.09431096965249708,False,False,trial_45
25,0.1,1.0,6,random_same,dynamic,False,58.33333333333333,0.6941666666666667,400,29.426484061998053,0.07356621015499513,False,False,trial_60
25,0.1,1.0,6,random_same,dynamic,False,58.33333333333333,0.6941666666666667,400,32.7952049020023,0.08198801225500574,False,False,trial_60
25,0.1,1.0,6,random_same,dynamic,False,58.33333333333333,0.6941666666666665,400,29.953617108996696,0.07488404277249174,False,False,trial_60
25,0.1,1.0,6,random_same,dynamic,False,0.0,0.0,400,8.274194372999773,0.020685485932499432,False,False,trial_51
25,0.1,1.0,6,random_same,dynamic,False,58.33333333333333,0.6941666666666667,400,31.500577897000767,0.07875144474250191,False,False,trial_60
25,0.1,1.0,6,random_same,dynamic,False,0.0,0.0,400,9.506354364999424,0.02376588591249856,False,False,trial_51
25,0.1,1.0,6,random_same,dynamic,False,0.0,0.0,400,9.15398364900102,0.02288495912250255,False,False,trial_51
25,0.1,1.0,6,random_same,dynamic,False,0.0,0.0,400,9.12483686899941,0.022812092172498525,False,False,trial_51
25,0.1,1.0,6,random_same,dynamic,False,0.0,0.0,400,10.053512910999416,0.02513378227749854,False,False,trial_51
25,0.1,1.0,6,random_same,dynamic,False,0.0,0.0,400,9.144900793999113,0.022862251984997785,False,False,trial_51
25,0.1,1.0,6,random_same,dynamic,False,0.0,0.0,400,9.08159748899925,0.022703993722498126,False,False,trial_51
25,0.1,1.0,6,random_same,dynamic,False,0.0,0.0,400,10.345385602002352,0.02586346400500588,False,False,trial_51
25,0.1,1.0,6,random_same,dynamic,False,58.33333333333333,0.6941666666666665,400,27.919319996999548,0.06979829999249887,False,False,trial_60
25,0.1,1.0,6,random_same,dynamic,False,58.33333333333333,0.6941666666666667,400,29.80213579499832,0.0745053394874958,False,False,trial_60
25,0.1,1.0,6,random_same,dynamic,False,25.0,0.2975,400,18.95726037499844,0.047393150937496104,False,False,trial_46
25,0.1,1.0,6,random_same,dynamic,False,25.0,0.2975,400,18.850391590996878,0.0471259789774922,False,False,trial_46
25,0.1,1.0,6,random_same,dynamic,False,25.0,0.2975,400,18.596215940000548,0.04649053985000137,False,False,trial_46
25,0.1,1.0,6,random_same,dynamic,False,25.0,0.2975,400,19.81031127800088,0.0495257781950022,False,False,trial_46
25,0.1,1.0,6,random_same,dynamic,False,25.0,0.29750000000000004,400,20.197144647998357,0.050492861619995895,False,False,trial_46
25,0.1,1.0,6,random_same,dynamic,False,25.0,0.2975,400,19.288513035000506,0.04822128258750127,False,False,trial_46
25,0.1,1.0,6,random_same,dynamic,False,25.0,0.2975,400,20.14452263199928,0.0503613065799982,False,False,trial_46
25,0.1,1.0,6,random_same,dynamic,False,25.0,0.2975,400,18.94509503000154,0.047362737575003845,False,False,trial_46
25,0.1,1.0,6,random_same,dynamic,False,25.0,0.2975,400,20.543587443000433,0.05135896860750108,False,False,trial_46
25,0.1,1.0,6,random_same,dynamic,False,25.0,0.2975,400,20.49415741300254,0.05123539353250635,False,False,trial_46
25,0.1,1.0,6,random_same,dynamic,False,25.0,0.2975,400,20.0999827859996,0.050249956964999,False,False,trial_46
25,0.1,1.0,6,random_same,dynamic,False,25.0,0.29750000000000004,400,20.275264890999097,0.050688162227497745,False,False,trial_46
25,0.1,1.0,6,random_same,dynamic,False,25.0,0.2975,400,20.823100552999676,0.05205775138249919,False,False,trial_46
25,0.1,1.0,6,random_same,dynamic,False,25.0,0.2975,400,21.105822929999704,0.05276455732499926,False,False,trial_46
25,0.1,1.0,6,random_same,dynamic,False,25.0,0.2975,400,26.07893937600238,0.06519734844000595,False,False,trial_46
50,0.1,1.0,3,random_same,dynamic,True,100.0,1.1583839250559147,59,19.839358319000894,0.3362603104915406,False,False,trial_60
50,0.1,1.0,3,random_same,dynamic,True,100.0,1.1583839250559147,59,22.387830349001888,0.3794547516779981,False,False,trial_60
50,0.1,1.0,3,random_same,dynamic,True,100.0,1.154845402891546,72,25.71585897699697,0.3571647080138468,False,False,trial_60
50,0.1,1.0,3,random_same,dynamic,True,100.0,1.1563935912880459,74,29.90636695500143,0.4041400939865058,False,False,trial_60
50,0.1,1.0,3,random_same,dynamic,True,100.0,1.1847075807588627,81,28.029643918998772,0.34604498665430583,False,False,trial_60
50,0.1,1.0,3,random_same,dynamic,True,100.0,1.163728906669556,68,28.184841124999366,0.4144829577205789,False,False,trial_60
50,0.1,1.0,3,random_same,dynamic,True,100.0,1.1362455976308738,78,32.93236619900199,0.4222098230641281,False,False,trial_60
50,0.1,1.0,3,random_same,dynamic,True,100.0,1.1847075807588627,81,23.717519203997654,0.29280887906169945,False,False,trial_60
50,0.1,1.0,3,random_same,dynamic,False,61.78769430813724,0.6453500955092085,24,7.544434105002438,0.3143514210417682,False,True,trial_51
50,0.1,1.0,3,random_same,dynamic,True,100.0,1.1687738146853477,92,32.40564386299957,0.3522352593804301,False,False,trial_60
50,0.1,1.0,3,random_same,dynamic,False,68.48681713363149,0.6998855657200338,25,9.651277133001713,0.38605108532006854,False,True,trial_51
50,0.1,1.0,3,random_same,dynamic,False,52.85629309410427,0.5568903370678031,23,7.5546311370017065,0.32846222334790026,False,True,trial_51
50,0.1,1.0,3,random_same,dynamic,False,91.66666666666666,1.0853276766054225,400,69.80485277999833,0.17451213194999582,False,False,trial_60
50,0.1,1.0,3,random_same,dynamic,True,100.0,1.14047795116235,219,81.29543084100078,0.3712120129726063,False,False,trial_60
50,0.1,1.0,3,random_same,dynamic,True,100.0,1.1428762470676532,211,86.62252027200157,0.41053327143128704,False,False,trial_60
50,0.1,1.0,3,random_same,dynamic,False,61.0421810933083,0.6398361431845755,22,6.679915091997827,0.30363250418171944,False,True,trial_51
50,0.1,1.0,3,random_same,dynamic,True,100.0,1.1605034638677925,352,118.10634901799858,0.33552940061931413,False,False,trial_45
50,0.1,1.0,3,random_same,dynamic,False,91.19574646928208,1.0113500971316156,218,104.24146101500082,0.4781718395183524,False,True,trial_60
50,0.1,1.0,3,random_same,dynamic,True,100.0,1.1792799903836393,57,20.62139771099828,0.36177890721049616,False,False,trial_46
50,0.1,1.0,3,random_same,dynamic,True,100.0,1.1407760720596363,362,128.32613398800095,0.3544920828397816,False,False,trial_45
50,0.1,1.0,3,random_same,dynamic,True,100.0,1.158941847174673,54,17.120640075001575,0.3170488902778069,False,False,trial_46
50,0.1,1.0,3,random_same,dynamic,True,100.0,1.167416609314653,348,137.7931656169967,0.3959573724626342,False,False,trial_45
50,0.1,1.0,3,random_same,dynamic,True,100.0,1.1605034638677925,352,135.13114568899982,0.3838953002528404,False,False,trial_45
50,0.1,1.0,3,random_same,dynamic,True,100.0,1.1607441939596361,52,19.981122506000247,0.38425235588462014,False,False,trial_46
50,0.1,1.0,3,random_same,dynamic,False,91.66666666666666,1.087017431800135,400,148.61428132700166,0.3715357033175042,False,False,trial_45
50,0.1,1.0,3,random_same,dynamic,False,50.0,0.5049797638393635,400,147.9513099370015,0.36987827484250374,False,False,trial_45
50,0.1,1.0,3,random_same,dynamic,True,100.0,1.1688445441616317,54,19.676993961002154,0.3643887770555954,False,False,trial_46
50,0.1,1.0,3,random_same,dynamic,False,91.66666666666666,1.0871752638215566,400,149.02520152500074,0.37256300381250185,False,False,trial_45
50,0.1,1.0,3,random_same,dynamic,False,50.0,0.5948802769989212,400,150.13343879400054,0.37533359698500135,False,False,trial_45
50,0.1,1.0,3,random_same,dynamic,True,100.0,1.1739137125190109,191,55.64248095700168,0.29132188982723395,False,False,trial_51
50,0.1,1.0,3,random_same,dynamic,False,48.85098466104404,0.5263955574825787,400,148.85632352200264,0.3721408088050066,False,False,trial_45
50,0.1,1.0,3,random_same,dynamic,False,69.62796495941382,0.7188516745193694,17,6.918749311000283,0.40698525358825194,False,True,trial_46
50,0.1,1.0,3,random_same,dynamic,True,100.0,1.1690495194673096,392,140.8762018519992,0.3593780659489776,False,False,trial_60
50,0.1,1.0,3,random_same,dynamic,True,100.0,1.1792799903836393,57,20.48054032500295,0.3593077250000517,False,False,trial_46
50,0.1,1.0,3,random_same,dynamic,False,91.66666666666666,1.0325628914693483,400,144.17655714799912,0.3604413928699978,False,False,trial_60
50,0.1,1.0,3,random_same,dynamic,True,100.0,1.115194063780877,74,25.50902373899953,0.3447165370135072,False,False,trial_46
50,0.1,1.0,3,random_same,dynamic,False,50.0,0.5924622816683996,400,161.1415876200008,0.402853969050002,False,False,trial_45
50,0.1,1.0,3,random_same,dynamic,False,50.0,0.5948802769989212,400,166.1459527750012,0.41536488193750304,False,False,trial_45
50,0.1,1.0,3,random_same,dynamic,True,100.0,1.1700813745249534,59,18.04549079699791,0.3058557762203036,False,False,trial_46
50,0.1,1.0,3,random_same,dynamic,False,50.0,0.5948802769989212,400,163.95162223599982,0.40987905558999954,False,False,trial_45
50,0.1,1.0,3,random_same,dynamic,False,50.0,0.594318421420813,400,168.5679974070008,0.42141999351750203,False,False,trial_45
50,0.1,1.0,3,random_same,dynamic,True,100.0,1.181861241063738,57,22.04600972299886,0.3867721004034888,False,False,trial_46
50,0.1,1.0,3,random_same,dynamic,True,100.0,1.1792799903836393,57,20.39671528100007,0.3578371101929837,False,False,trial_46
50,0.1,1.0,3,random_same,dynamic,False,50.0,0.5944689518847757,400,134.00078729300003,0.33500196823250006,False,False,trial_51
50,0.1,1.0,3,random_same,dynamic,False,50.0,0.5948531785710622,400,180.77695126099934,0.4519423781524983,False,False,trial_45
50,0.1,1.0,3,random_same,dynamic,False,50.0,0.594551378093794,400,191.8164134159997,0.4795410335399993,False,False,trial_45
50,0.1,1.0,3,random_same,dynamic,False,50.0,0.5947542410264504,400,140.63380609600063,0.35158451524000156,False,False,trial_51
50,0.1,1.0,3,random_same,dynamic,False,91.66666666666666,1.0794427617897682,400,137.88623480000024,0.3447155870000006,False,False,trial_51
50,0.1,1.0,3,random_same,dynamic,False,50.0,0.5949835349193756,400,144.39729040900056,0.3609932260225014,False,False,trial_51
50,0.1,1.0,3,random_same,dynamic,False,65.37497152635687,0.7246781790543613,400,184.12874028000078,0.460321850700002,False,False,trial_51
100,0.1,1.0,3,random_same,dynamic,True,100.0,1.1880376036465177,101,64.65699627399954,0.6401682799405894,False,False,trial_45
100,0.1,1.0,3,random_same,dynamic,True,100.0,1.1881599226014865,69,39.13900496899805,0.5672319560724355,False,False,trial_60
50,0.1,1.0,3,random_same,dynamic,False,83.33333333333334,0.9834597479939522,400,87.15704010199988,0.2178926002549997,False,False,trial_46
50,0.1,1.0,3,random_same,dynamic,False,83.33333333333334,0.9868304381331681,400,108.68713045099867,0.2717178261274967,False,False,trial_46
50,0.1,1.0,3,random_same,dynamic,False,83.33333333333334,0.9587355560000046,400,201.0661618100021,0.5026654045250052,False,False,trial_51
100,0.1,1.0,3,random_same,dynamic,True,100.0,1.1573467085941822,80,53.6229013680022,0.6702862671000276,False,False,trial_60
50,0.1,1.0,3,random_same,dynamic,False,66.66666666666667,0.7911126052015768,400,211.8411447110011,0.5296028617775028,False,False,trial_51
50,0.1,1.0,3,random_same,dynamic,False,73.40424525310887,0.8152639072332099,400,213.8241759559969,0.5345604398899922,False,False,trial_51
50,0.1,1.0,3,random_same,dynamic,False,83.33333333333334,0.9842417053841656,400,126.90733897999962,0.31726834744999904,False,False,trial_46
100,0.1,1.0,3,random_same,dynamic,True,100.0,1.164310522543709,83,59.81973162600116,0.7207196581445923,False,False,trial_60
100,0.1,1.0,3,random_same,dynamic,True,100.0,1.1880376036465177,101,79.61157618600191,0.7882334275841774,False,False,trial_45
50,0.1,1.0,3,random_same,dynamic,False,83.33333333333334,0.9819712304792199,400,112.40954870399946,0.28102387175999866,False,False,trial_46
100,0.1,1.0,3,random_same,dynamic,True,100.0,1.1822068493642914,44,26.680693129997962,0.6063793893181355,False,False,trial_60
100,0.1,1.0,3,random_same,dynamic,True,100.0,1.1775754767944013,49,32.37968331199954,0.6608098635101948,False,False,trial_60
100,0.1,1.0,3,random_same,dynamic,True,100.0,1.1461515063994994,69,48.46227019300204,0.7023517419275658,False,False,trial_60
100,0.1,1.0,3,random_same,dynamic,True,100.0,1.1527665642044989,62,41.88354721699943,0.6755410841451521,False,False,trial_60
50,0.1,1.0,3,random_same,dynamic,False,83.33333333333334,0.9587355560000046,400,200.43894541600093,0.5010973635400023,False,False,trial_51
100,0.1,1.0,3,random_same,dynamic,False,62.906332781682295,0.6450406890536543,24,14.679765927998233,0.611656913666593,False,True,trial_51
50,0.1,1.0,3,random_same,dynamic,False,66.66666666666667,0.7911126052015768,400,237.96424259900232,0.5949106064975058,False,False,trial_51
100,0.1,1.0,3,random_same,dynamic,True,100.0,1.1486173296465048,159,72.06405552599972,0.45323305362263977,False,False,trial_60
100,0.1,1.0,3,random_same,dynamic,False,91.66666666666666,1.0574628380440314,65,46.34241583000039,0.7129602435384675,False,True,trial_60
100,0.1,1.0,3,random_same,dynamic,True,100.0,1.1227344900936942,75,44.78980864899859,0.5971974486533145,False,False,trial_51
100,0.1,1.0,3,random_same,dynamic,True,100.0,1.1777567305026126,87,52.57138699600182,0.6042688160459979,False,False,trial_60
100,0.1,1.0,3,random_same,dynamic,True,100.0,1.1460474578236903,66,45.01517484299984,0.6820481036818158,False,False,trial_51
100,0.1,1.0,3,random_same,dynamic,True,100.0,1.17614862966387,224,149.3668143850009,0.6668161356473254,False,False,trial_45
50,0.1,1.0,3,random_same,dynamic,True,100.0,1.1545090036923547,371,180.53775604099792,0.4866246793557895,False,False,trial_46
100,0.1,1.0,3,random_same,dynamic,False,91.66666666666666,1.0808415283216044,400,130.92185067800165,0.3273046266950041,False,False,trial_60
100,0.1,1.0,3,random_same,dynamic,True,100.0,1.139437700491271,137,86.85659564899834,0.6339897492627615,False,False,trial_60
100,0.1,1.0,3,random_same,dynamic,False,91.66666666666666,1.0808415283216044,400,113.02692020500035,0.2825673005125009,False,False,trial_60
100,0.1,1.0,3,random_same,dynamic,True,100.0,1.1559515271883734,227,117.42394735600101,0.5172861117004449,False,False,trial_60
100,0.1,1.0,3,random_same,dynamic,True,100.0,1.1543336247038987,62,35.99914979700043,0.5806314483387166,False,False,trial_46
100,0.1,1.0,3,random_same,dynamic,True,100.0,1.1515975249075887,55,36.73641521800164,0.6679348221454844,False,False,trial_46
100,0.1,1.0,3,random_same,dynamic,True,100.0,1.1738645730647597,53,35.02834188400084,0.6609121110188837,False,False,trial_46
100,0.1,1.0,3,random_same,dynamic,True,100.0,1.1781884995930034,50,32.156480958998145,0.6431296191799629,False,False,trial_46
100,0.1,1.0,3,random_same,dynamic,True,100.0,1.1570820818191845,51,34.2158135009995,0.6708983039411667,False,False,trial_46
100,0.1,1.0,3,random_same,dynamic,True,100.0,1.1850387765237702,91,58.144812587997876,0.6389539844834932,False,False,trial_46
100,0.1,1.0,3,random_same,dynamic,True,100.0,1.1850387765237702,91,63.8403840409992,0.701542681769222,False,False,trial_46
100,0.1,1.0,3,random_same,dynamic,True,100.0,1.1808784909065861,384,273.3064827590024,0.7117356321849021,False,False,trial_45
100,0.1,1.0,3,random_same,dynamic,True,100.0,1.1778057825115456,389,280.3828251820014,0.7207784709048879,False,False,trial_45
100,0.1,1.0,3,random_same,dynamic,True,100.0,1.1633856576309343,52,34.615574735002156,0.6656841295192722,False,False,trial_46
100,0.1,1.0,3,random_same,dynamic,False,50.0,0.5949716141856031,400,292.11556314100017,0.7302889078525004,False,False,trial_45
100,0.1,1.0,3,random_same,dynamic,False,50.0,0.5949166485874002,400,295.79784002999804,0.7394946000749951,False,False,trial_45
100,0.1,1.0,3,random_same,dynamic,False,50.0,0.5945236608044882,400,301.51148773500245,0.7537787193375061,False,False,trial_45
100,0.1,1.0,3,random_same,dynamic,False,50.0,0.5949518512689694,400,290.5114738750017,0.7262786846875042,False,False,trial_45
100,0.1,1.0,3,random_same,dynamic,False,50.0,0.5947762094636334,400,299.16448136399777,0.7479112034099944,False,False,trial_45
100,0.1,1.0,3,random_same,dynamic,True,100.0,1.1741528752518315,193,169.2561710120026,0.876974979336801,False,False,trial_51
100,0.1,1.0,3,random_same,dynamic,True,100.0,1.1813514566027314,53,35.30771764699966,0.6661833518301823,False,False,trial_46
100,0.1,1.0,3,random_same,dynamic,False,50.0,0.594879796006926,400,295.171797144998,0.737929492862495,False,False,trial_45
100,0.1,1.0,3,random_same,dynamic,True,100.0,1.173022305110192,69,51.85442428500028,0.7515133954347867,False,False,trial_46
100,0.1,1.0,3,random_same,dynamic,False,50.0,0.5926984734356604,400,314.85299372699956,0.7871324843174989,False,False,trial_45
100,0.1,1.0,3,random_same,dynamic,False,50.0,0.5945236608044882,400,310.4533403650021,0.7761333509125052,False,False,trial_45
100,0.1,1.0,3,random_same,dynamic,False,50.0,0.5944663277211857,400,316.8202035079994,0.7920505087699985,False,False,trial_45
100,0.1,1.0,3,random_same,dynamic,False,50.0,0.5944663277211857,400,318.3270439199987,0.7958176097999967,False,False,trial_45
100,0.1,1.0,3,random_same,dynamic,False,50.0,0.5943583719143543,400,213.38636114800101,0.5334659028700025,False,False,trial_51
100,0.1,1.0,3,random_same,dynamic,False,83.33333333333334,0.9738569934827888,400,213.42304266500287,0.5335576066625072,False,False,trial_46
100,0.1,1.0,3,random_same,dynamic,False,91.66666666666666,1.074818368251743,400,250.78197018600258,0.6269549254650064,False,False,trial_51
100,0.1,1.0,3,random_same,dynamic,False,91.66666666666666,1.0908234569576065,400,250.86204061700118,0.627155101542503,False,False,trial_51
100,0.1,1.0,3,random_same,dynamic,False,91.66666666666666,1.0908234569576065,400,273.71372981400054,0.6842843245350013,False,False,trial_51
100,0.1,1.0,3,random_same,dynamic,True,100.0,1.1668577614262536,394,306.99097809199884,0.7791649190152254,False,False,trial_60
100,0.1,1.0,3,random_same,dynamic,False,50.0,0.5949507231916219,400,255.0349231979999,0.6375873079949997,False,False,trial_51
100,0.1,1.0,3,random_same,dynamic,False,66.66666666666667,0.7928012988305533,400,320.956129012,0.8023903225300001,False,False,trial_51
100,0.1,1.0,3,random_same,dynamic,False,91.66666666666666,1.049219063378279,400,346.1093280940004,0.8652733202350009,False,False,trial_51
100,0.1,1.0,3,random_same,dynamic,False,66.66666666666667,0.7921487546670355,400,374.5239887780008,0.936309971945002,False,False,trial_51
100,0.1,1.0,3,random_same,dynamic,False,81.55977571015957,0.8902044372818732,400,262.80619647500134,0.6570154911875034,False,False,trial_46
100,0.1,1.0,3,random_same,dynamic,False,66.66666666666667,0.7927426824557449,400,401.4578843820018,1.0036447109550044,False,False,trial_51
100,0.1,1.0,3,random_same,dynamic,False,74.24314729717037,0.8216403829670458,400,394.9779491490008,0.9874448728725019,False,False,trial_51
100,0.1,1.0,3,random_same,dynamic,False,74.24314729717037,0.8216403829670458,400,406.1827382170013,1.0154568455425033,False,False,trial_51
400,0.1,1.0,3,random_same,dynamic,True,100.0,1.1654013309951046,66,163.98132701699797,2.4845655608636057,False,False,trial_60
400,0.1,1.0,3,random_same,dynamic,True,100.0,1.164947063940099,68,165.73411792000115,2.437266440000017,False,False,trial_60
100,0.1,1.0,3,random_same,dynamic,False,91.66666666666666,1.0407270251459875,400,312.22287968100136,0.7805571992025034,False,False,trial_46
400,0.1,1.0,3,random_same,dynamic,True,100.0,1.1392790663508228,71,164.37838435199956,2.315188511999994,False,False,trial_60
100,0.1,1.0,3,random_same,dynamic,False,91.66666666666666,1.0407270251459875,400,319.07074090899914,0.7976768522724978,False,False,trial_46
400,0.1,1.0,3,random_same,dynamic,True,100.0,1.1503047775936528,74,171.23335255799975,2.3139642237567535,False,False,trial_60
400,0.1,1.0,3,random_same,dynamic,False,68.67930343554912,0.7098785472221792,23,56.91112786099984,2.4743968635217324,False,True,trial_51
100,0.1,1.0,3,random_same,dynamic,False,91.66666666666666,1.082822410800848,400,344.07190726599947,0.8601797681649986,False,False,trial_46
400,0.1,1.0,3,random_same,dynamic,False,69.00412568917636,0.7161320100764584,22,45.394531251000444,2.063387784136384,False,True,trial_51
400,0.1,1.0,3,random_same,dynamic,False,67.94125073376793,0.6985986855192997,22,49.50261175600099,2.250118716181863,False,True,trial_51
400,0.1,1.0,3,random_same,dynamic,False,67.55851380031342,0.6991636915161904,22,54.4462116020004,2.4748278000909276,False,True,trial_51
400,0.1,1.0,3,random_same,dynamic,True,100.0,1.1665440839967403,78,171.12710124899968,2.1939371954999958,False,False,trial_60
400,0.1,1.0,3,random_same,dynamic,True,100.0,1.1643651200532712,89,187.5032055949996,2.1067775909550517,False,False,trial_60
400,0.1,1.0,3,random_same,dynamic,False,67.93720151811135,0.6986774917203096,22,46.1939736020031,2.0997260728183225,False,True,trial_51
400,0.1,1.0,3,random_same,dynamic,True,100.0,1.1643651200532712,89,211.17523480199816,2.3727554472134624,False,False,trial_60
400,0.1,1.0,3,random_same,dynamic,True,100.0,1.159348768522716,81,198.1771733050009,2.446631769197542,False,False,trial_60
400,0.1,1.0,3,random_same,dynamic,True,100.0,1.1791610063017837,132,381.46413125000254,2.889879782196989,False,False,trial_60
400,0.1,1.0,3,random_same,dynamic,False,68.53424527415437,0.702519977878881,23,57.95332950399825,2.5197099784347063,False,True,trial_51
400,0.1,1.0,3,random_same,dynamic,False,68.2786926321443,0.7027346010923194,22,52.20743296699948,2.3730651348636127,False,True,trial_51
400,0.1,1.0,3,random_same,dynamic,False,61.45532714657127,0.6443791275555789,21,46.403164743998786,2.20967451161899,False,True,trial_51
400,0.1,1.0,3,random_same,dynamic,False,68.14361080042555,0.7021615186094435,22,50.27961920400048,2.2854372365454765,False,True,trial_51
400,0.1,1.0,3,random_same,dynamic,True,100.0,1.1791610063017837,132,372.616920602999,2.822855459113629,False,False,trial_60
400,0.1,1.0,3,random_same,dynamic,True,100.0,1.1804565676199443,226,538.8492710050014,2.3842888097566433,False,False,trial_45
400,0.1,1.0,3,random_same,dynamic,True,100.0,1.1395284647059558,70,140.1009556229983,2.00144222318569,False,False,trial_46
400,0.1,1.0,3,random_same,dynamic,True,100.0,1.1640698616980163,51,116.81346126999779,2.2904600249019174,False,False,trial_46
400,0.1,1.0,3,random_same,dynamic,True,100.0,1.1737104279780688,69,147.0008652510005,2.1304473224782683,False,False,trial_46
400,0.1,1.0,3,random_same,dynamic,True,100.0,1.1790916461575949,70,148.50640835500235,2.1215201193571764,False,False,trial_46
400,0.1,1.0,3,random_same,dynamic,False,80.34698639301469,0.9073062481603779,31,70.30474214700007,2.267894907967744,False,True,trial_46
400,0.1,1.0,3,random_same,dynamic,False,91.66666666666666,1.0673996813448619,400,553.5924711299995,1.3839811778249986,False,False,trial_60
400,0.1,1.0,3,random_same,dynamic,True,100.0,1.1755060059860698,53,114.12649188700016,2.1533300356037763,False,False,trial_46
400,0.1,1.0,3,random_same,dynamic,False,80.34698639301469,0.9073062481603779,31,81.6363620359989,2.633431033419319,False,True,trial_46
400,0.1,1.0,3,random_same,dynamic,True,100.0,1.1598379517476856,71,140.4765795150015,1.9785433734507254,False,False,trial_46
400,0.1,1.0,3,random_same,dynamic,True,100.0,1.1395284647059558,70,137.61547183899893,1.965935311985699,False,False,trial_46
400,0.1,1.0,3,random_same,dynamic,True,100.0,1.1755060059860698,53,122.87067102900255,2.318314547717029,False,False,trial_46
400,0.1,1.0,3,random_same,dynamic,False,83.33333333333334,0.9499541671088383,400,989.8464662480001,2.47461616562,False,False,trial_45
400,0.1,1.0,3,random_same,dynamic,True,100.0,1.133011013160978,289,808.4965241809987,2.7975658276159123,False,False,trial_60
400,0.1,1.0,3,random_same,dynamic,False,50.0,0.595,400,1024.299688436,2.56074922109,False,False,trial_45
400,0.1,1.0,3,random_same,dynamic,False,91.1393560917952,0.9963759467588957,400,706.6042334970007,1.7665105837425017,False,False,trial_51
400,0.1,1.0,3,random_same,dynamic,False,83.33333333333334,0.9741802796077697,400,967.2644492520012,2.418161123130003,False,False,trial_60
50,0.1,1.0,6,random_same,dynamic,False,64.40191932200506,0.7364224490161912,90,67.05458645199906,0.7450509605777673,False,True,trial_45
50,0.1,1.0,6,random_same,dynamic,True,100.0,1.189533530376995,79,54.87612256799912,0.6946344628860648,False,False,trial_45
400,0.1,1.0,3,random_same,dynamic,False,50.0,0.595,400,1081.4918946260004,2.703729736565001,False,False,trial_45
400,0.1,1.0,3,random_same,dynamic,False,50.0,0.595,400,1082.103290244002,2.705258225610005,False,False,trial_45
50,0.1,1.0,6,random_same,dynamic,False,64.80809236495648,0.7205632637247275,119,86.52447406599822,0.7270964207226741,False,True,trial_45
50,0.1,1.0,6,random_same,dynamic,True,100.0,1.1891842169160434,109,81.31880752399957,0.7460441057247666,False,False,trial_45
50,0.1,1.0,6,random_same,dynamic,True,100.0,1.1584921800221788,119,85.84875407800064,0.7214181014958037,False,False,trial_45
50,0.1,1.0,6,random_same,dynamic,True,100.0,1.1892579899304685,71,45.70805428300082,0.6437754124366313,False,False,trial_45
400,0.1,1.0,3,random_same,dynamic,False,50.0,0.5927716667571044,400,1101.1668798900027,2.752917199725007,False,False,trial_45
400,0.1,1.0,3,random_same,dynamic,False,50.0,0.595,400,1104.1312729579986,2.7603281823949963,False,False,trial_45
400,0.1,1.0,3,random_same,dynamic,False,50.0,0.5943661575740912,400,1098.0413206340017,2.7451033015850044,False,False,trial_45
50,0.1,1.0,6,random_same,dynamic,False,65.64368278794568,0.7304591382985005,59,50.84121116800088,0.8617154435254387,False,True,trial_45
400,0.1,1.0,3,random_same,dynamic,False,50.0,0.5950000000000001,400,1099.1737980030011,2.747934495007503,False,False,trial_45
400,0.1,1.0,3,random_same,dynamic,False,50.0,0.5943661575740912,400,1128.356478365,2.8208911959125,False,False,trial_45
50,0.1,1.0,6,random_same,dynamic,True,100.0,1.1895638029779654,85,54.51490886399915,0.6413518689882254,False,False,trial_45
50,0.1,1.0,6,random_same,dynamic,False,65.92101207778987,0.7294091384860937,68,47.87757848399997,0.7040820365294113,False,True,trial_45
50,0.1,1.0,6,random_same,dynamic,False,70.39741342795946,0.7330267430856183,14,11.262838833998103,0.8044884881427217,False,True,trial_60
50,0.1,1.0,6,random_same,dynamic,False,64.80809236495648,0.7205632637247275,119,84.91801582699918,0.7135967716554553,False,True,trial_45
50,0.1,1.0,6,random_same,dynamic,True,100.0,1.1898553206267966,67,43.47431809800037,0.6488704193731398,False,False,trial_45
50,0.1,1.0,6,random_same,dynamic,True,100.0,1.189533530376995,79,51.153716221997456,0.6475153952151577,False,False,trial_45
50,0.1,1.0,6,random_same,dynamic,True,100.0,1.18955499546848,80,51.83438878800007,0.6479298598500008,False,False,trial_45
50,0.1,1.0,6,random_same,dynamic,True,100.0,1.1877172219942487,78,60.52016929200181,0.7758996063077155,False,False,trial_45
400,0.1,1.0,3,random_same,dynamic,False,50.0,0.5854424640707625,400,1096.0245494420014,2.7400613736050037,False,False,trial_45
400,0.1,1.0,3,random_same,dynamic,False,50.0,0.5950000000000001,400,1177.1644555849998,2.9429111389624993,False,False,trial_45
50,0.1,1.0,6,random_same,dynamic,True,100.0,1.1424048467599328,128,81.17338875299902,0.6341670996328048,False,False,trial_45
50,0.1,1.0,6,random_same,dynamic,True,100.0,1.1379894358718032,95,56.812862226001016,0.5980301286947476,False,False,trial_60
400,0.1,1.0,3,random_same,dynamic,False,50.0,0.5927716667571044,400,1161.0038828399993,2.9025097070999983,False,False,trial_45
50,0.1,1.0,6,random_same,dynamic,False,90.98272019848511,1.0293684359805673,88,67.4800645030009,0.7668189148068284,False,True,trial_60
50,0.1,1.0,6,random_same,dynamic,False,65.38438089248655,0.7304829003863401,17,16.53413831600119,0.9725963715294818,False,True,trial_60
400,0.1,1.0,3,random_same,dynamic,False,50.0,0.5916827376292657,400,1122.8530439630013,2.8071326099075034,False,False,trial_45
400,0.1,1.0,3,random_same,dynamic,False,83.33333333333334,0.9741802796077697,400,941.8538285920004,2.354634571480001,False,False,trial_60
400,0.1,1.0,3,random_same,dynamic,False,50.0,0.5949999999999998,400,1183.3833416410016,2.958458354102504,False,False,trial_45
400,0.1,1.0,3,random_same,dynamic,False,83.33333333333334,0.9741802796077697,400,944.0835553239995,2.3602088883099985,False,False,trial_60
50,0.1,1.0,6,random_same,dynamic,True,100.0,1.08649444742453,118,86.58708540400039,0.7337888593559355,False,False,trial_60
50,0.1,1.0,6,random_same,dynamic,True,100.0,1.08649444742453,118,80.53818880000108,0.6825270237288227,False,False,trial_60
50,0.1,1.0,6,random_same,dynamic,True,100.0,1.1647305764895346,147,95.10011435699926,0.6469395534489746,False,False,trial_60
50,0.1,1.0,6,random_same,dynamic,False,72.46096150803045,0.7840992623022227,50,46.192683760000364,0.9238536752000073,False,True,trial_51
50,0.1,1.0,6,random_same,dynamic,True,100.0,1.1639107525758405,78,55.30270768799892,0.709009072923063,False,False,trial_60
50,0.1,1.0,6,random_same,dynamic,True,100.0,1.1490270474610274,141,98.87993739599915,0.7012761517446748,False,False,trial_60
50,0.1,1.0,6,random_same,dynamic,True,100.0,1.0749673773023134,111,77.34960025799955,0.6968432455675636,False,False,trial_60
50,0.1,1.0,6,random_same,dynamic,True,100.0,1.188938395474318,86,61.582997924000665,0.71608137120931,False,False,trial_51
50,0.1,1.0,6,random_same,dynamic,False,49.523460872976734,0.5415684565190352,20,13.682142706002196,0.6841071353001098,False,True,trial_46
50,0.1,1.0,6,random_same,dynamic,True,100.0,1.1365565682965144,101,73.66891107899937,0.7293951591980136,False,False,trial_51
50,0.1,1.0,6,random_same,dynamic,True,100.0,1.1377468223811087,105,89.7003228350004,0.8542887889047658,False,False,trial_60
50,0.1,1.0,6,random_same,dynamic,True,100.0,1.139172701481341,124,78.07754773499983,0.6296576430241921,False,False,trial_51
50,0.1,1.0,6,random_same,dynamic,True,100.0,1.1365565682965144,101,76.1095825299999,0.7535602230693059,False,False,trial_51
50,0.1,1.0,6,random_same,dynamic,True,100.0,1.1522850625076604,146,95.8705432459974,0.6566475564794342,False,False,trial_60
50,0.1,1.0,6,random_same,dynamic,False,58.29472945692154,0.5790143835106836,12,7.229459431000578,0.6024549525833814,False,True,trial_46
50,0.1,1.0,6,random_same,dynamic,True,100.0,1.1818840813922527,94,72.02430638000078,0.7662160253191572,False,False,trial_51
50,0.1,1.0,6,random_same,dynamic,False,59.99552760119842,0.588680411755388,12,8.703158565000194,0.7252632137500162,False,True,trial_46
50,0.1,1.0,6,random_same,dynamic,False,58.29472945692154,0.5790143835106836,12,8.954166597999574,0.7461805498332978,False,True,trial_46
50,0.1,1.0,6,random_same,dynamic,True,100.0,1.160891753333543,118,73.7242677739996,0.6247819302881322,False,False,trial_51
50,0.1,1.0,6,random_same,dynamic,True,100.0,1.1818840813922527,94,68.23844897200252,0.7259409465106651,False,False,trial_51
50,0.1,1.0,6,random_same,dynamic,False,59.99552760119842,0.588680411755388,12,6.054970413999399,0.5045808678332833,False,True,trial_46
50,0.1,1.0,6,random_same,dynamic,True,100.0,1.1411607784608513,151,127.61005700199894,0.8450997152450261,False,False,trial_60
50,0.1,1.0,6,random_same,dynamic,False,40.30391790896157,0.4255204543456246,16,13.264127212998574,0.8290079508124109,False,True,trial_46
50,0.1,1.0,6,random_same,dynamic,True,100.0,1.188938395474318,86,61.14597918199797,0.710999757930209,False,False,trial_51
50,0.1,1.0,6,random_same,dynamic,False,40.30391790896157,0.4255204543456246,16,12.6219179289983,0.7888698705623938,False,True,trial_46
50,0.1,1.0,6,random_same,dynamic,True,100.0,1.1842773398500406,73,54.054328598998836,0.740470254780806,False,False,trial_51
50,0.1,1.0,6,random_same,dynamic,False,64.85653417323111,0.68792510231796,18,12.887023362000036,0.7159457423333353,False,True,trial_46
50,0.1,1.0,6,random_same,dynamic,False,91.07850968213972,0.9713328341380801,182,156.70595549499922,0.8610217334890067,False,True,trial_60
50,0.1,1.0,6,random_same,dynamic,True,100.0,1.128449436878331,116,73.96386390000043,0.6376195163793141,False,False,trial_51
50,0.1,1.0,6,random_same,dynamic,True,100.0,1.1555171809855374,207,139.50952514000164,0.673959058647351,False,False,trial_60
50,0.1,1.0,6,random_same,dynamic,True,100.0,1.1202174274680496,131,110.4411753059976,0.8430624069160122,False,False,trial_51
50,0.1,1.0,6,random_same,dynamic,True,100.0,1.1837008687602855,131,91.64765105899642,0.6996003897633314,False,False,trial_51
50,0.1,1.0,6,random_same,dynamic,True,100.0,1.1716007789714584,78,63.01720263400057,0.8079128542820586,False,False,trial_46
50,0.1,1.0,6,random_same,dynamic,True,100.0,1.164286824209479,80,63.43135707200054,0.7928919634000067,False,False,trial_46
50,0.1,1.0,6,random_same,dynamic,False,91.66666666666666,1.001463512006853,92,74.3114415500022,0.8077330603261109,False,True,trial_46
50,0.1,1.0,6,random_same,dynamic,False,88.90401251486816,1.0033294364330816,108,76.28828687699934,0.7063730266388828,False,True,trial_46
50,0.1,1.0,6,random_same,dynamic,False,88.90401251486816,1.0033294364330816,108,67.28240815299796,0.622985260675907,False,True,trial_46
50,0.1,1.0,6,random_same,dynamic,False,91.66666666666666,1.001463512006853,92,73.15209810799934,0.7951315011739059,False,True,trial_46
50,0.1,1.0,6,random_same,dynamic,True,100.0,1.1360413738445558,151,138.891192719002,0.919809223304649,False,False,trial_51
100,0.1,1.0,6,random_same,dynamic,True,100.0,1.188568687221183,57,75.1982312020009,1.319267214070191,False,False,trial_45
50,0.1,1.0,6,random_same,dynamic,False,97.6623859717317,1.056429623865345,134,116.29030901900114,0.8678381270074712,False,True,trial_46
100,0.1,1.0,6,random_same,dynamic,True,100.0,1.1893677334003192,68,81.79093817800094,1.202807914382367,False,False,trial_45
100,0.1,1.0,6,random_same,dynamic,True,100.0,1.1893677334003192,68,91.36672902800274,1.3436283680588639,False,False,trial_45
100,0.1,1.0,6,random_same,dynamic,True,100.0,1.1897958718993142,72,93.96284536500025,1.3050395189583368,False,False,trial_45
100,0.1,1.0,6,random_same,dynamic,True,100.0,1.1893677334003192,68,86.81376913500208,1.2766730755147364,False,False,trial_45
50,0.1,1.0,6,random_same,dynamic,True,100.0,1.1773729831617845,182,157.59631398999773,0.8659138131318557,False,False,trial_51
100,0.1,1.0,6,random_same,dynamic,True,100.0,1.1897761349811242,71,91.62417526100035,1.2904813417042302,False,False,trial_45
100,0.1,1.0,6,random_same,dynamic,True,100.0,1.1894496629853368,71,95.90042439100216,1.3507102026901714,False,False,trial_45
100,0.1,1.0,6,random_same,dynamic,True,100.0,1.1887849536639383,58,59.09732893299952,1.0189194643620607,False,False,trial_60
100,0.1,1.0,6,random_same,dynamic,True,100.0,1.180886812600898,66,87.46297584000058,1.3251966036363725,False,False,trial_45
400,0.1,1.0,3,random_same,dynamic,False,83.33333333333334,0.9862851879222166,400,732.0741410840019,1.8301853527100047,False,False,trial_46
100,0.1,1.0,6,random_same,dynamic,True,100.0,1.1895171785694951,66,92.7115798900013,1.4047209074242621,False,False,trial_45
100,0.1,1.0,6,random_same,dynamic,True,100.0,1.1894496629853368,71,93.552376327003,1.3176391031972254,False,False,trial_45
400,0.1,1.0,3,random_same,dynamic,False,91.66666666666666,1.0770769664936948,400,1060.9570647190012,2.652392661797503,False,False,trial_51
100,0.1,1.0,6,random_same,dynamic,False,66.66666666666667,0.7522764640835558,99,146.61029734900148,1.4809120944343583,False,True,trial_45
100,0.1,1.0,6,random_same,dynamic,True,100.0,1.1545285977180637,122,170.0373359180012,1.3937486550655835,False,False,trial_45
100,0.1,1.0,6,random_same,dynamic,True,100.0,1.1581952624994916,77,99.5049148040016,1.2922716208311895,False,False,trial_60
100,0.1,1.0,6,random_same,dynamic,True,100.0,1.188991052639473,91,112.05921353200029,1.23141992892308,False,False,trial_60
100,0.1,1.0,6,random_same,dynamic,True,100.0,1.1886185391699444,80,124.90086650599915,1.5612608313249894,False,False,trial_60
100,0.1,1.0,6,random_same,dynamic,True,100.0,1.1794465709456008,84,104.21305874899917,1.2406316517737996,False,False,trial_60
100,0.1,1.0,6,random_same,dynamic,True,100.0,1.162262336740878,88,112.10810350399697,1.2739557216363293,False,False,trial_60
100,0.1,1.0,6,random_same,dynamic,True,100.0,1.1859376700139495,115,162.2430605510017,1.4108092221826234,False,False,trial_60
100,0.1,1.0,6,random_same,dynamic,True,100.0,1.1333041193645352,65,97.09624262599755,1.49378834809227,False,False,trial_60
100,0.1,1.0,6,random_same,dynamic,True,100.0,1.1655925583198221,100,158.75137135800105,1.5875137135800106,False,False,trial_60
100,0.1,1.0,6,random_same,dynamic,True,100.0,1.1610502800672933,121,139.2502978299999,1.1508289076859497,False,False,trial_60
100,0.1,1.0,6,random_same,dynamic,True,100.0,1.1394679612375893,104,143.387445321001,1.3787254357788556,False,False,trial_60
100,0.1,1.0,6,random_same,dynamic,True,100.0,1.1655925583198221,100,153.1281974090016,1.5312819740900159,False,False,trial_60
100,0.1,1.0,6,random_same,dynamic,True,100.0,1.1794465709456008,84,105.86107420999906,1.2602508834523698,False,False,trial_60
100,0.1,1.0,6,random_same,dynamic,True,100.0,1.1787530252209892,84,119.63549541799875,1.424232088309509,False,False,trial_51
100,0.1,1.0,6,random_same,dynamic,True,100.0,1.1756476064221804,85,116.80684445099905,1.3741981700117536,False,False,trial_51
100,0.1,1.0,6,random_same,dynamic,False,71.57172037126954,0.7765252746303473,21,30.480315627999516,1.4514436013333103,False,True,trial_46
100,0.1,1.0,6,random_same,dynamic,True,100.0,1.1787530252209892,84,121.97997566500271,1.4521425674405084,False,False,trial_51
100,0.1,1.0,6,random_same,dynamic,True,100.0,1.1780932967114623,118,189.10860499200135,1.6026152965423843,False,False,trial_60
400,0.1,1.0,3,random_same,dynamic,False,73.3694597415381,0.842332119845519,400,1271.5810029620006,3.178952507405002,False,False,trial_51
100,0.1,1.0,6,random_same,dynamic,True,100.0,1.17654883773061,73,116.22703182199984,1.5921511208493129,False,False,trial_51
100,0.1,1.0,6,random_same,dynamic,True,100.0,1.1739476661136214,133,208.7169040990011,1.5693000308195573,False,False,trial_60
100,0.1,1.0,6,random_same,dynamic,False,63.48324286019409,0.6947701919708176,24,33.284215628998936,1.3868423178749556,False,True,trial_46
100,0.1,1.0,6,random_same,dynamic,True,100.0,1.1885960308329035,104,150.84740476099978,1.4504558150096132,False,False,trial_51
100,0.1,1.0,6,random_same,dynamic,True,100.0,1.1726788158105752,58,83.8536153540008,1.4457519888620827,False,False,trial_46
100,0.1,1.0,6,random_same,dynamic,True,100.0,1.1859487349946356,61,92.98178257100153,1.524291517557402,False,False,trial_46
100,0.1,1.0,6,random_same,dynamic,True,100.0,1.182690523214254,124,198.1493516039991,1.5979786419677346,False,False,trial_51
100,0.1,1.0,6,random_same,dynamic,True,100.0,1.1851253620479063,133,198.60324871099874,1.4932575091052538,False,False,trial_51
100,0.1,1.0,6,random_same,dynamic,True,100.0,1.1706680833741239,120,169.8410042229989,1.415341701858324,False,False,trial_51
100,0.1,1.0,6,random_same,dynamic,True,100.0,1.17654883773061,73,112.66708687899882,1.543384751767107,False,False,trial_51
100,0.1,1.0,6,random_same,dynamic,True,100.0,1.183964175898012,89,135.83935974999986,1.5262849410112345,False,False,trial_51
400,0.1,1.0,3,random_same,dynamic,False,66.66666666666667,0.79283186226812,400,1266.5384839100007,3.1663462097750017,False,False,trial_51
100,0.1,1.0,6,random_same,dynamic,True,100.0,1.1857576895810504,87,133.14463595100096,1.5303981143793215,False,False,trial_51
100,0.1,1.0,6,random_same,dynamic,True,100.0,1.1203238595555172,101,142.5629175840004,1.4115140354851523,False,False,trial_51
100,0.1,1.0,6,random_same,dynamic,True,100.0,1.1411303207934138,65,99.48755171100129,1.530577718630789,False,False,trial_46
100,0.1,1.0,6,random_same,dynamic,True,100.0,1.1810197751789846,150,187.3665808629994,1.2491105390866626,False,False,trial_51
100,0.1,1.0,6,random_same,dynamic,True,100.0,1.1389420409465167,63,98.20503177900173,1.5588100282381228,False,False,trial_46
100,0.1,1.0,6,random_same,dynamic,True,100.0,1.1726788158105752,58,84.75844359500115,1.461352475775882,False,False,trial_46
100,0.1,1.0,6,random_same,dynamic,True,100.0,1.1758834558998494,297,418.69674082599886,1.4097533361144743,False,False,trial_45
100,0.1,1.0,6,random_same,dynamic,True,100.0,1.1758834558998494,297,420.62976949899894,1.4162618501649795,False,False,trial_45
100,0.1,1.0,6,random_same,dynamic,True,100.0,1.1703252234428976,192,273.09419547500147,1.4223656014322994,False,False,trial_51
100,0.1,1.0,6,random_same,dynamic,True,100.0,1.183848617701516,84,127.448602389999,1.517245266547607,False,False,trial_46
100,0.1,1.0,6,random_same,dynamic,True,100.0,1.1899921260845763,156,203.97555751399705,1.3075356250897248,False,False,trial_51
100,0.1,1.0,6,random_same,dynamic,True,100.0,1.1759588068201419,70,104.37857558000178,1.4911225082857398,False,False,trial_46
100,0.1,1.0,6,random_same,dynamic,True,100.0,1.1514552593721024,73,116.77152404200024,1.5996099183835648,False,False,trial_46
400,0.1,1.0,3,random_same,dynamic,False,91.66666666666666,1.0537540164120944,400,1049.2268015739974,2.6230670039349935,False,False,trial_46
100,0.1,1.0,6,random_same,dynamic,True,100.0,1.183848617701516,84,112.78171679500156,1.3426394856547805,False,False,trial_46
400,0.1,1.0,3,random_same,dynamic,True,100.0,1.1849323374139349,361,1228.9635506199993,3.4043311651523527,False,False,trial_46
100,0.1,1.0,6,random_same,dynamic,True,100.0,1.1524604779361354,105,163.49786546399991,1.5571225282285706,False,False,trial_46
100,0.1,1.0,6,random_same,dynamic,True,100.0,1.1829861608478882,88,138.22095298100248,1.5706926475113918,False,False,trial_46
100,0.1,1.0,6,random_same,dynamic,True,100.0,1.1758834558998494,297,464.4142209299971,1.5636842455555457,False,False,trial_45
100,0.1,1.0,6,random_same,dynamic,True,100.0,1.1524604779361354,105,180.33984584599966,1.717522341390473,False,False,trial_46
400,0.1,1.0,3,random_same,dynamic,False,66.66666666666667,0.7883583406703077,400,1431.64646,3.57911615,False,False,trial_51
400,0.1,1.0,3,random_same,dynamic,False,66.66666666666667,0.7933291966793619,400,1455.9942271260006,3.6399855678150015,False,False,trial_51
400,0.1,1.0,3,random_same,dynamic,False,91.66666666666666,1.0880503631321448,400,1165.348867700999,2.9133721692524976,False,False,trial_46
100,0.1,1.0,6,random_same,dynamic,True,100.0,1.1619124739553512,201,349.6842938619993,1.7397228550348225,False,False,trial_46
400,0.1,1.0,6,random_same,dynamic,False,64.8650504661161,0.7368960397794413,46,283.5892396749987,6.164983471195623,False,True,trial_45
400,0.1,1.0,6,random_same,dynamic,True,100.0,1.1899999999999995,65,326.4543497369996,5.022374611338455,False,False,trial_45
400,0.1,1.0,6,random_same,dynamic,True,100.0,1.1892566821151385,69,346.6587952950031,5.024040511521783,False,False,trial_45
400,0.1,1.0,6,random_same,dynamic,False,73.10934948398207,0.8211077815352892,59,329.3938956160018,5.582947383322065,False,True,trial_45
400,0.1,1.0,3,random_same,dynamic,False,91.66666666666666,1.0864009635233693,400,1029.8615305909989,2.574653826477497,False,False,trial_46
400,0.1,1.0,6,random_same,dynamic,True,100.0,1.189974343858807,60,313.7974540280011,5.229957567133352,False,False,trial_45
400,0.1,1.0,6,random_same,dynamic,True,100.0,1.1880274863497005,49,253.2810808159993,5.169001649306108,False,False,trial_60
400,0.1,1.0,6,random_same,dynamic,False,80.89506862174784,0.886819089276568,18,119.821919127,6.656773284833333,False,True,trial_60
400,0.1,1.0,6,random_same,dynamic,True,100.0,1.1825909838388358,63,352.3418231729993,5.5927273519523695,False,False,trial_60
400,0.1,1.0,6,random_same,dynamic,False,80.89506862174784,0.886819089276568,18,123.99795928299864,6.888775515722147,False,True,trial_60
400,0.1,1.0,6,random_same,dynamic,True,100.0,1.1738223540616874,72,361.72655113899964,5.02397987693055,False,False,trial_60
400,0.1,1.0,6,random_same,dynamic,True,100.0,1.1703165966526523,66,348.14860483699886,5.274978861166649,False,False,trial_60
400,0.1,1.0,6,random_same,dynamic,True,100.0,1.1883553681747359,76,412.52825413900064,5.428003343934219,False,False,trial_45
400,0.1,1.0,6,random_same,dynamic,True,100.0,1.1897264339275084,79,452.97538510899903,5.733865634291127,False,False,trial_45
400,0.1,1.0,6,random_same,dynamic,True,100.0,1.1838913930932948,98,529.0815348540018,5.39879117197961,False,False,trial_45
400,0.1,1.0,6,random_same,dynamic,True,100.0,1.1366273898996822,82,457.04909308599963,5.5737694278780445,False,False,trial_60
400,0.1,1.0,6,random_same,dynamic,True,100.0,1.1575884830592094,84,450.5550209699977,5.3637502496428295,False,False,trial_60
400,0.1,1.0,6,random_same,dynamic,True,100.0,1.1875303709169651,87,493.31587294899873,5.670297390218376,False,False,trial_45
400,0.1,1.0,6,random_same,dynamic,True,100.0,1.1891013487092847,88,471.3828860240028,5.3566237048182135,False,False,trial_60
400,0.1,1.0,6,random_same,dynamic,True,100.0,1.1715064799221981,88,505.08320079999976,5.739581827272724,False,False,trial_60
400,0.1,1.0,6,random_same,dynamic,True,100.0,1.1644441612300305,94,496.8769139600008,5.285924616595754,False,False,trial_60
400,0.1,1.0,6,random_same,dynamic,True,100.0,1.167375641994561,86,471.0753423370006,5.477620259732565,False,False,trial_60
400,0.1,1.0,6,random_same,dynamic,True,100.0,1.1704382998167426,128,640.9729101459998,5.007600860515623,False,False,trial_45
400,0.1,1.0,6,random_same,dynamic,True,100.0,1.1704382998167426,128,637.4347561739996,4.979959032609372,False,False,trial_45
400,0.1,1.0,6,random_same,dynamic,True,100.0,1.1651233760701254,81,421.7005105049975,5.206179142037007,False,False,trial_60
400,0.1,1.0,6,random_same,dynamic,True,100.0,1.1891013487092847,88,504.6410272380017,5.734557127704565,False,False,trial_60
400,0.1,1.0,6,random_same,dynamic,True,100.0,1.129817236731189,133,735.0818988900028,5.5269315706015245,False,False,trial_45
400,0.1,1.0,6,random_same,dynamic,True,100.0,1.129817236731189,133,681.0996888980007,5.121050292466171,False,False,trial_45
400,0.1,1.0,6,random_same,dynamic,True,100.0,1.129817236731189,133,705.2768856119983,5.302833726406003,False,False,trial_45
400,0.1,1.0,6,random_same,dynamic,True,100.0,1.1884011033241189,81,453.4997892240026,5.598762829925958,False,False,trial_51
400,0.1,1.0,6,random_same,dynamic,True,100.0,1.1795828060698104,93,511.10599179100245,5.495763352591424,False,False,trial_51
400,0.1,1.0,6,random_same,dynamic,True,100.0,1.1772291129003514,94,479.33214516000226,5.099278140000024,False,False,trial_51
400,0.1,1.0,6,random_same,dynamic,True,100.0,1.1900000000000002,85,478.06717682900126,5.624319727400015,False,False,trial_51
400,0.1,1.0,6,random_same,dynamic,True,100.0,1.1851710358609155,90,461.9561178920012,5.132845754355569,False,False,trial_51
400,0.1,1.0,6,random_same,dynamic,True,100.0,1.1583292829953307,172,878.5776261290011,5.1080094542383785,False,False,trial_45
400,0.1,1.0,6,random_same,dynamic,True,100.0,1.136915941174623,102,535.6060221959997,5.251039433294115,False,False,trial_51
400,0.1,1.0,6,random_same,dynamic,True,100.0,1.1391471048405664,111,574.8160350489998,5.178522838279277,False,False,trial_51
400,0.1,1.0,6,random_same,dynamic,True,100.0,1.1738530638334306,69,382.7728030290018,5.547431927956548,False,False,trial_46
400,0.1,1.0,6,random_same,dynamic,True,100.0,1.189310577367979,76,448.53945084500083,5.901834879539485,False,False,trial_51
400,0.1,1.0,6,random_same,dynamic,True,100.0,1.136915941174623,102,533.2398228100028,5.227841400098066,False,False,trial_51
400,0.1,1.0,6,random_same,dynamic,True,100.0,1.1671311947871024,73,420.1738722730006,5.755806469493159,False,False,trial_46
50,0.1,1.0,9,random_same,dynamic,False,81.93690078149758,0.9466468552232884,172,171.59561788700012,0.997648941203489,False,True,trial_45
400,0.1,1.0,6,random_same,dynamic,True,100.0,1.173580616375929,80,486.4533705720023,6.080667132150029,False,False,trial_46
400,0.1,1.0,6,random_same,dynamic,True,100.0,1.164049478414564,134,730.4530587699992,5.45114222962686,False,False,trial_60
400,0.1,1.0,6,random_same,dynamic,True,100.0,1.1643084431401844,74,442.05397218800135,5.973702326864883,False,False,trial_46
400,0.1,1.0,6,random_same,dynamic,True,100.0,1.1758061514012075,70,432.97359089699967,6.185337012814281,False,False,trial_46
400,0.1,1.0,6,random_same,dynamic,True,100.0,1.1495838333821284,134,689.6925916340006,5.146959639059705,False,False,trial_51
400,0.1,1.0,6,random_same,dynamic,True,100.0,1.1686751809123515,71,400.93564222699933,5.6469808764366105,False,False,trial_46
400,0.1,1.0,6,random_same,dynamic,True,100.0,1.1716381376951037,119,728.0972282719995,6.118464103126046,False,False,trial_51
400,0.1,1.0,6,random_same,dynamic,True,100.0,1.169356637903449,61,340.063270851002,5.574807718868885,False,False,trial_46
400,0.1,1.0,6,random_same,dynamic,True,100.0,1.1730401066503653,74,428.9834377740008,5.797073483432443,False,False,trial_46
50,0.1,1.0,9,random_same,dynamic,True,100.0,1.1748570375337908,307,315.66543204199843,1.0282261630032523,False,False,trial_45
400,0.1,1.0,6,random_same,dynamic,True,100.0,1.1591941323444392,97,612.7110465530022,6.3166087273505385,False,False,trial_46
400,0.1,1.0,6,random_same,dynamic,True,100.0,1.18953364732827,138,778.8559272630009,5.643883530891311,False,False,trial_51
50,0.1,1.0,9,random_same,dynamic,True,100.0,1.1713493718679837,273,224.03202142200098,0.8206301150989047,False,False,trial_45
50,0.1,1.0,9,random_same,dynamic,True,100.0,1.173531016967688,345,355.9053002520013,1.03160956594783,False,False,trial_45
400,0.1,1.0,6,random_same,dynamic,True,100.0,1.1591941323444392,97,613.4098247590009,6.323812626381453,False,False,trial_46
50,0.1,1.0,9,random_same,dynamic,True,100.0,1.1885267746177772,281,288.06242437400215,1.0251331828256305,False,False,trial_45
400,0.1,1.0,6,random_same,dynamic,True,100.0,1.1725846565446123,80,546.3939382720018,6.829924228400023,False,False,trial_46
50,0.1,1.0,9,random_same,dynamic,True,100.0,1.1559633477766598,169,148.74455666499853,0.8801453057100505,False,False,trial_60
50,0.1,1.0,9,random_same,dynamic,False,58.33333333333333,0.6698916836178399,238,216.43507559999853,0.9093910739495736,False,True,trial_45
50,0.1,1.0,9,random_same,dynamic,False,91.66666666666666,1.0811363922872195,400,407.06492002899904,1.0176623000724976,False,False,trial_45
50,0.1,1.0,9,random_same,dynamic,False,65.51027353392074,0.7400876017182385,25,32.3885516549999,1.2955420661999961,False,True,trial_60
50,0.1,1.0,9,random_same,dynamic,False,65.51027353392074,0.7400876017182385,25,31.36977214899889,1.2547908859599557,False,True,trial_60
50,0.1,1.0,9,random_same,dynamic,False,99.2599792943875,1.0400252146542832,332,335.06509980199917,1.0092322283192745,False,True,trial_45
50,0.1,1.0,9,random_same,dynamic,False,91.66666666666666,1.0740540255795565,400,406.6544668009992,1.0166361670024981,False,False,trial_45
400,0.1,1.0,6,random_same,dynamic,True,100.0,1.1689718437382914,153,885.7607394219995,5.78928587857516,False,False,trial_51
50,0.1,1.0,9,random_same,dynamic,False,91.66666666666666,1.0908333333333335,400,411.81802561600125,1.0295450640400032,False,False,trial_45
50,0.1,1.0,9,random_same,dynamic,True,100.0,1.1659090180377651,165,154.06377102199986,0.9337198243757567,False,False,trial_60
50,0.1,1.0,9,random_same,dynamic,False,74.3255181802233,0.8201635806138592,44,57.6059628160001,1.3092264276363659,False,True,trial_51
50,0.1,1.0,9,random_same,dynamic,False,91.66666666666666,1.0870924432777516,400,394.07028061500023,0.9851757015375006,False,False,trial_45
50,0.1,1.0,9,random_same,dynamic,True,100.0,1.1813214762655464,204,237.90212464300203,1.1661868855049118,False,False,trial_60
50,0.1,1.0,9,random_same,dynamic,True,100.0,1.1813214762655464,204,228.8225998830021,1.1216794111911867,False,False,trial_60
50,0.1,1.0,9,random_same,dynamic,True,100.0,1.0964507073481502,292,326.608065917997,1.1185207736917706,False,False,trial_60
50,0.1,1.0,9,random_same,dynamic,True,100.0,1.10800505796677,259,248.29619034899952,0.9586725496100368,False,False,trial_60
50,0.1,1.0,9,random_same,dynamic,False,91.66666666666666,1.064043453724891,400,474.3341330149997,1.1858353325374993,False,False,trial_45
50,0.1,1.0,9,random_same,dynamic,False,91.66666666666666,1.088426372076374,400,423.862242954001,1.0596556073850025,False,False,trial_45
50,0.1,1.0,9,random_same,dynamic,True,100.0,1.162754188233555,167,182.08041524900182,1.0903018877185737,False,False,trial_60
400,0.1,1.0,6,random_same,dynamic,True,100.0,1.1817885530452847,174,958.5570485239987,5.508948554735625,False,False,trial_51
50,0.1,1.0,9,random_same,dynamic,True,100.0,1.184865434331071,229,246.86912562699945,1.0780311162751068,False,False,trial_60
50,0.1,1.0,9,random_same,dynamic,False,64.5586306495938,0.697596038383476,24,25.337625317999482,1.0557343882499783,False,True,trial_46
50,0.1,1.0,9,random_same,dynamic,True,100.0,1.0643565289950647,209,222.81671667900082,1.066108692244023,False,False,trial_60
50,0.1,1.0,9,random_same,dynamic,True,100.0,1.1724812806124343,344,331.349811848002,0.963226197232564,False,False,trial_60
50,0.1,1.0,9,random_same,dynamic,True,100.0,1.0964507073481502,292,347.88665490300264,1.1913926537774062,False,False,trial_60
400,0.1,1.0,6,random_same,dynamic,True,100.0,1.167929255713631,138,943.119634198003,6.834200247811617,False,False,trial_46
50,0.1,1.0,9,random_same,dynamic,True,100.0,1.10800505796677,259,255.77609920900068,0.9875525065984582,False,False,trial_60
50,0.1,1.0,9,random_same,dynamic,True,100.0,1.1898119584503746,148,159.71564860099897,1.0791597878445878,False,False,trial_51
50,0.1,1.0,9,random_same,dynamic,False,91.66666666666666,1.0870924432777516,400,393.93723371099986,0.9848430842774997,False,False,trial_45
50,0.1,1.0,9,random_same,dynamic,False,73.95074952655496,0.8178319157393786,22,28.9292049709984,1.314963862318109,False,True,trial_46
50,0.1,1.0,9,random_same,dynamic,True,100.0,1.0964507073481502,292,360.2401687370002,1.2336992080034253,False,False,trial_60
50,0.1,1.0,9,random_same,dynamic,False,50.0,0.560275536660199,58,71.94419154899879,1.240417095672393,False,True,trial_51
50,0.1,1.0,9,random_same,dynamic,False,91.66666666666666,1.064043453724891,400,485.5032149050021,1.2137580372625052,False,False,trial_45
400,0.1,1.0,6,random_same,dynamic,True,100.0,1.1844992742903313,141,898.6415818220012,6.373344551929086,False,False,trial_46
50,0.1,1.0,9,random_same,dynamic,False,71.38474778978289,0.7394342395612379,21,26.26662525699794,1.2507916789046638,False,True,trial_46
50,0.1,1.0,9,random_same,dynamic,True,100.0,1.1423339132197325,220,263.1582397780003,1.1961738171727285,False,False,trial_51
50,0.1,1.0,9,random_same,dynamic,True,100.0,1.1593885289763144,250,263.7684018530017,1.0550736074120068,False,False,trial_51
50,0.1,1.0,9,random_same,dynamic,False,91.66666666666666,1.0047174668310486,244,280.68350976500005,1.150342253135246,False,True,trial_51
400,0.1,1.0,6,random_same,dynamic,True,100.0,1.1576107717907287,151,995.2368137279991,6.590972276344365,False,False,trial_46
50,0.1,1.0,9,random_same,dynamic,False,83.33333333333334,0.8978943598463799,132,128.02055331200245,0.9698526766060791,False,True,trial_46
50,0.1,1.0,9,random_same,dynamic,True,100.0,1.1773916731487701,232,276.11094153999875,1.1901333687068911,False,False,trial_51
50,0.1,1.0,9,random_same,dynamic,True,100.0,1.1786220121058886,108,139.60497277099785,1.2926386367684986,False,False,trial_46
50,0.1,1.0,9,random_same,dynamic,True,100.0,1.1845255546941724,273,290.43327756000144,1.0638581595604448,False,False,trial_51
50,0.1,1.0,9,random_same,dynamic,True,100.0,1.1847603568717564,154,165.43851682100285,1.0742760832532652,False,False,trial_46
50,0.1,1.0,9,random_same,dynamic,True,100.0,1.1883277617025272,235,262.0928299599982,1.1152886381276519,False,False,trial_51
50,0.1,1.0,9,random_same,dynamic,True,100.0,1.1182468241530636,192,220.89130930999818,1.1504755693229072,False,False,trial_46
50,0.1,1.0,9,random_same,dynamic,True,100.0,1.15588253912471,382,365.5539049859981,0.9569473952513039,False,False,trial_51
50,0.1,1.0,9,random_same,dynamic,True,100.0,1.1788857192861175,250,307.8352685259997,1.2313410741039987,False,False,trial_51
400,0.1,1.0,6,random_same,dynamic,True,100.0,1.1844992742903313,141,917.6070350340015,6.507851312297882,False,False,trial_46
50,0.1,1.0,9,random_same,dynamic,True,100.0,1.183617739000541,302,340.9813767819978,1.1290774065629068,False,False,trial_51
50,0.1,1.0,9,random_same,dynamic,False,91.66666666666666,1.0047174668310486,244,282.5777202729987,1.1581054109549127,False,True,trial_51
100,0.1,1.0,9,random_same,dynamic,False,82.39871550791113,0.9347528860964284,75,162.24926249800046,2.1633234999733393,False,True,trial_45
50,0.1,1.0,9,random_same,dynamic,True,100.0,1.1688880936809745,213,236.64939143299853,1.1110300067276926,False,False,trial_46
100,0.1,1.0,9,random_same,dynamic,False,58.33333333333333,0.666449082286001,80,191.83210955300092,2.3979013694125113,False,True,trial_45
50,0.1,1.0,9,random_same,dynamic,True,100.0,1.183617739000541,302,347.8885231960012,1.1519487523046397,False,False,trial_51
50,0.1,1.0,9,random_same,dynamic,False,91.66666666666666,1.0750192197151953,400,352.7920668400002,0.8819801671000005,False,False,trial_51
100,0.1,1.0,9,random_same,dynamic,False,58.33333333333333,0.666449082286001,80,192.51421084400135,2.406427635550017,False,True,trial_45
50,0.1,1.0,9,random_same,dynamic,True,100.0,1.1823099518200069,316,367.055710269,1.1615687033829114,False,False,trial_46
50,0.1,1.0,9,random_same,dynamic,True,100.0,1.1817125991972517,291,329.2508846109995,1.131446338869414,False,False,trial_46
100,0.1,1.0,9,random_same,dynamic,False,73.30951937928114,0.8125772168670986,139,323.7158212719987,2.3288908005179763,False,True,trial_45
50,0.1,1.0,9,random_same,dynamic,True,100.0,1.1817125991972517,291,355.65039688699835,1.2221663123264548,False,False,trial_46
50,0.1,1.0,9,random_same,dynamic,True,100.0,1.1823099518200069,316,370.3160241689984,1.1718861524335393,False,False,trial_46
50,0.1,1.0,9,random_same,dynamic,True,100.0,1.1581933254054149,257,349.0544341099994,1.3581884595719822,False,False,trial_46
50,0.1,1.0,9,random_same,dynamic,True,100.0,1.1657736087819093,345,368.5897639210016,1.068376127307251,False,False,trial_46
400,0.1,1.0,6,random_same,dynamic,True,100.0,1.1882801704389596,272,1547.6036563399975,5.689719324779403,False,False,trial_51
100,0.1,1.0,9,random_same,dynamic,False,73.30951937928114,0.8125772168670986,139,324.244535828002,2.3326945023597263,False,True,trial_45
100,0.1,1.0,9,random_same,dynamic,True,100.0,1.1644391196406787,140,279.6787070089995,1.9977050500642821,False,False,trial_45
100,0.1,1.0,9,random_same,dynamic,False,82.12419903238481,0.9456467964320449,93,200.8095594740007,2.1592425749892548,False,True,trial_45
50,0.1,1.0,9,random_same,dynamic,True,100.0,1.163257131167341,303,417.2685089270017,1.3771237918382893,False,False,trial_46
100,0.1,1.0,9,random_same,dynamic,True,100.0,1.189669389094232,193,423.9809210550011,2.1967923370725444,False,False,trial_45
100,0.1,1.0,9,random_same,dynamic,False,64.87751323537441,0.7236612780398737,155,350.0688817199989,2.2585089143225736,False,True,trial_45
100,0.1,1.0,9,random_same,dynamic,True,100.0,1.12361174079768,160,351.3994985220015,2.1962468657625096,False,False,trial_60
100,0.1,1.0,9,random_same,dynamic,True,100.0,1.1874922615742907,185,389.2646180909978,2.1041330707621504,False,False,trial_60
100,0.1,1.0,9,random_same,dynamic,True,100.0,1.1866950631138762,192,454.94204837399957,2.369489835281248,False,False,trial_45
100,0.1,1.0,9,random_same,dynamic,True,100.0,1.1781071879632512,168,372.58761577900077,2.217783427255957,False,False,trial_60
100,0.1,1.0,9,random_same,dynamic,True,100.0,1.189211015230706,198,505.4868093760015,2.552963683717179,False,False,trial_45
100,0.1,1.0,9,random_same,dynamic,True,100.0,1.1876815204138054,219,474.43425299500086,2.1663664520319674,False,False,trial_60
100,0.1,1.0,9,random_same,dynamic,True,100.0,1.1074038752764797,232,473.6767767509991,2.0417102446163757,False,False,trial_60
100,0.1,1.0,9,random_same,dynamic,True,100.0,1.1562214951589582,193,488.72749699999986,2.5322668238341963,False,False,trial_60
100,0.1,1.0,9,random_same,dynamic,True,100.0,1.153037314013932,262,541.295780526998,2.0660144294923586,False,False,trial_60
100,0.1,1.0,9,random_same,dynamic,True,100.0,1.1703026811125177,249,517.5373806259995,2.07846337600803,False,False,trial_60
100,0.1,1.0,9,random_same,dynamic,False,74.404652551112,0.8232263193554239,19,48.265238425999996,2.540275706631579,False,True,trial_46
100,0.1,1.0,9,random_same,dynamic,True,100.0,1.151977809502068,342,679.6841934540025,1.9873806826140425,False,False,trial_45
100,0.1,1.0,9,random_same,dynamic,True,100.0,1.1138430807841788,384,809.8316749119986,2.108936653416663,False,False,trial_45
100,0.1,1.0,9,random_same,dynamic,True,100.0,1.1858283347965102,230,459.08165498699964,1.9960071955956507,False,False,trial_51
100,0.1,1.0,9,random_same,dynamic,True,100.0,1.1876815204138054,219,504.1340608959981,2.3019820132237356,False,False,trial_60
100,0.1,1.0,9,random_same,dynamic,True,100.0,1.1703026811125177,249,563.4030751579994,2.2626629524417647,False,False,trial_60
100,0.1,1.0,9,random_same,dynamic,True,100.0,1.1474980347236905,381,699.1114090429983,1.8349380814776857,False,False,trial_45
100,0.1,1.0,9,random_same,dynamic,True,100.0,1.1898394700678667,215,521.5890887839996,2.425995761786045,False,False,trial_51
100,0.1,1.0,9,random_same,dynamic,True,100.0,1.1814452720478636,321,766.7296630890014,2.3885659286261727,False,False,trial_45
100,0.1,1.0,9,random_same,dynamic,True,100.0,1.1814382370811325,241,458.4748950689973,1.902385456717831,False,False,trial_51
100,0.1,1.0,9,random_same,dynamic,True,100.0,1.1675789471718918,321,659.4743553400003,2.0544372440498453,False,False,trial_60
100,0.1,1.0,9,random_same,dynamic,True,100.0,1.1747722766667181,297,618.0361712360027,2.0809298694814906,False,False,trial_51
100,0.1,1.0,9,random_same,dynamic,True,100.0,1.1488688640448321,94,214.2589780039998,2.2793508298297853,False,False,trial_46
100,0.1,1.0,9,random_same,dynamic,True,100.0,1.1495221572346155,380,657.7570480780014,1.7309396002052668,False,False,trial_60
100,0.1,1.0,9,random_same,dynamic,True,100.0,1.1749431929654777,388,672.5181989740013,1.7332943272525807,False,False,trial_51
100,0.1,1.0,9,random_same,dynamic,True,100.0,1.1675789471718918,321,710.1161255600018,2.212199768099694,False,False,trial_60
100,0.1,1.0,9,random_same,dynamic,True,100.0,1.188256474494812,110,245.5706381309974,2.2324603466454307,False,False,trial_46
100,0.1,1.0,9,random_same,dynamic,True,100.0,1.1896333263182692,331,589.5784638069999,1.781203818148036,False,False,trial_51
100,0.1,1.0,9,random_same,dynamic,True,100.0,1.1582158188427485,94,240.90308497900332,2.5627987763723756,False,False,trial_46
100,0.1,1.0,9,random_same,dynamic,False,89.04385909409967,1.0000242400137287,143,285.73935374199937,1.9981772988951005,False,True,trial_46
100,0.1,1.0,9,random_same,dynamic,False,91.66666666666666,1.0717546691583668,400,817.8257217210012,2.044564304302503,False,False,trial_51
100,0.1,1.0,9,random_same,dynamic,False,91.66666666666666,1.063147021563252,400,931.6400741899997,2.3291001854749993,False,False,trial_60
100,0.1,1.0,9,random_same,dynamic,True,100.0,1.1340040668786042,260,544.50815564,2.094262137076923,False,False,trial_46
100,0.1,1.0,9,random_same,dynamic,False,89.04385909409967,1.0000242400137287,143,282.7396089060021,1.977200062279735,False,True,trial_46
100,0.1,1.0,9,random_same,dynamic,False,91.66666666666666,1.0846348502898575,400,885.1138926489984,2.212784731622496,False,False,trial_51
100,0.1,1.0,9,random_same,dynamic,True,100.0,1.1707458491038514,394,948.401777269999,2.4071111098223326,False,False,trial_60
100,0.1,1.0,9,random_same,dynamic,False,91.66666666666666,1.0907650789436103,400,677.4930820199988,1.693732705049997,False,False,trial_51
100,0.1,1.0,9,random_same,dynamic,True,100.0,1.1650375406820255,261,564.8825053479995,2.1643007867739446,False,False,trial_46
100,0.1,1.0,9,random_same,dynamic,True,100.0,1.1749431929654777,388,651.6176152799999,1.6794268435051543,False,False,trial_51
100,0.1,1.0,9,random_same,dynamic,True,100.0,1.181493270155837,382,929.6277031850004,2.433580374829844,False,False,trial_51
100,0.1,1.0,9,random_same,dynamic,True,100.0,1.18713343903432,291,673.0575231349976,2.312912450635731,False,False,trial_51
100,0.1,1.0,9,random_same,dynamic,True,100.0,1.1340040668786042,260,511.58367921899844,1.9676295354576863,False,False,trial_46
100,0.1,1.0,9,random_same,dynamic,True,100.0,1.0979783932046518,233,555.0220272000006,2.382068786266097,False,False,trial_46
100,0.1,1.0,9,random_same,dynamic,False,91.66666666666666,1.0717546691583668,400,872.1428445490019,2.180357111372505,False,False,trial_51
100,0.1,1.0,9,random_same,dynamic,True,100.0,1.1769590600523712,241,562.3366012600018,2.3333468931950283,False,False,trial_46
100,0.1,1.0,9,random_same,dynamic,True,100.0,1.1769590600523712,241,577.1293849360009,2.394727738323655,False,False,trial_46
100,0.1,1.0,9,random_same,dynamic,True,100.0,1.1812192951521234,345,795.1750404219965,2.3048551896289755,False,False,trial_51
100,0.1,1.0,9,random_same,dynamic,True,100.0,1.1771598545803912,286,708.9420646309991,2.4788184078006963,False,False,trial_46
100,0.1,1.0,9,random_same,dynamic,True,100.0,1.1645566619031567,356,890.5645944290009,2.5015859394073057,False,False,trial_46
100,0.1,1.0,9,random_same,dynamic,False,91.66666666666666,1.0776611906906264,400,943.0245510550012,2.357561377637503,False,False,trial_51
100,0.1,1.0,9,random_same,dynamic,False,91.66666666666666,1.06911158916054,400,977.6002174689966,2.4440005436724914,False,False,trial_46
400,0.1,1.0,9,random_same,dynamic,False,82.86418896361386,0.9437039141667842,121,822.1684084599983,6.794780235206598,False,True,trial_45
400,0.1,1.0,9,random_same,dynamic,False,82.86418896361386,0.9437039141667842,121,880.8726982440021,7.279939654909108,False,True,trial_45
400,0.1,1.0,9,random_same,dynamic,False,82.76728432099448,0.9348224315490833,98,780.5418702440002,7.964712961673471,False,True,trial_45
400,0.1,1.0,9,random_same,dynamic,False,82.86418896361386,0.9437039141667842,121,844.7283280899974,6.981225851983449,False,True,trial_45
400,0.1,1.0,9,random_same,dynamic,False,58.33333333333333,0.6941666666666667,400,2398.759452561997,5.996898631404992,False,False,trial_45
400,0.1,1.0,9,random_same,dynamic,False,91.66666666666666,1.0893956121448989,400,2248.2275744479994,5.620568936119998,False,False,trial_60
400,0.1,1.0,9,random_same,dynamic,False,91.66666666666666,1.0578907574280285,400,2230.022257843997,5.575055644609993,False,False,trial_60
400,0.1,1.0,9,random_same,dynamic,False,91.66666666666666,1.0839791601747377,400,2800.952518680995,7.002381296702488,False,False,trial_45
400,0.1,1.0,9,random_same,dynamic,False,91.66666666666666,1.0889614063305857,400,2970.3721996679997,7.425930499169999,False,False,trial_60
400,0.1,1.0,9,random_same,dynamic,False,91.66666666666666,1.090833333333333,400,2920.4632996930013,7.301158249232503,False,False,trial_60
400,0.1,1.0,9,random_same,dynamic,False,91.66666666666666,1.088164999320729,400,3349.4008025799994,8.373502006449998,False,False,trial_45
400,0.1,1.0,9,random_same,dynamic,False,91.66666666666666,1.079692214162832,400,3164.6472392310025,7.911618098077506,False,False,trial_60
400,0.1,1.0,9,random_same,dynamic,False,83.33333333333334,0.9606912190610656,400,3189.4602586160036,7.973650646540009,False,False,trial_60
400,0.1,1.0,9,random_same,dynamic,False,91.66666666666666,1.089930487544623,400,3269.988462410005,8.174971156025013,False,False,trial_45
400,0.1,1.0,9,random_same,dynamic,False,91.66666666666666,1.0888624254446617,400,3101.4878664390017,7.7537196660975045,False,False,trial_60
400,0.1,1.0,9,random_same,dynamic,False,58.33333333333333,0.6941666666666666,400,3373.87492912,8.4346873228,False,False,trial_45
400,0.1,1.0,9,random_same,dynamic,False,83.33333333333334,0.9278351518156398,400,3342.417770429998,8.356044426074995,False,False,trial_60
400,0.1,1.0,9,random_same,dynamic,False,91.66666666666666,1.0744191801783103,400,3434.847434837,8.5871185870925,False,False,trial_45
400,0.1,1.0,9,random_same,dynamic,False,91.66666666666666,1.0901350670692942,400,3078.122378478998,7.695305946197496,False,False,trial_60
400,0.1,1.0,9,random_same,dynamic,False,58.33333333333333,0.6941666666666666,400,3628.1422492540005,9.070355623135,False,False,trial_45
400,0.1,1.0,9,random_same,dynamic,False,83.33333333333334,0.9278351518156398,400,3369.082366606999,8.422705916517497,False,False,trial_60
400,0.1,1.0,9,random_same,dynamic,False,58.33333333333333,0.6941666666666666,400,3858.5272518230013,9.646318129557503,False,False,trial_45
400,0.1,1.0,9,random_same,dynamic,False,83.33333333333334,0.9511857500440476,400,3499.9724254460016,8.749931063615003,False,False,trial_60
400,0.1,1.0,9,random_same,dynamic,False,58.33333333333333,0.6941666666666666,400,3889.3407635309995,9.7233519088275,False,False,trial_45
400,0.1,1.0,9,random_same,dynamic,False,58.33333333333333,0.6941666666666666,400,3899.1141109329983,9.747785277332495,False,False,trial_45
400,0.1,1.0,9,random_same,dynamic,False,58.33333333333333,0.6941666666666666,400,3960.5242768770004,9.901310692192501,False,False,trial_45
400,0.1,1.0,9,random_same,dynamic,False,91.66666666666666,1.0568972920397501,400,3701.4050899659997,9.253512724915,False,False,trial_60
400,0.1,1.0,9,random_same,dynamic,False,91.66666666666666,1.0894379793131588,400,3486.1667687559966,8.715416921889991,False,False,trial_60
400,0.1,1.0,9,random_same,dynamic,False,83.33333333333334,0.9908013513639452,400,3588.157325430002,8.970393313575006,False,False,trial_60
400,0.1,1.0,9,random_same,dynamic,False,91.66666666666666,1.090833333333333,400,3310.8253845499967,8.277063461374992,False,False,trial_51
400,0.1,1.0,9,random_same,dynamic,False,91.66666666666666,1.0865408736232292,400,3276.2496072910035,8.190624018227508,False,False,trial_51
400,0.1,1.0,9,random_same,dynamic,False,91.66666666666666,1.0890009595338808,400,3504.6570398700023,8.761642599675007,False,False,trial_51
400,0.1,1.0,9,random_same,dynamic,False,91.66666666666666,1.0787085059204162,400,4123.662367778001,10.309155919445002,False,False,trial_60
400,0.1,1.0,9,random_same,dynamic,False,91.66666666666666,1.0873790395259761,400,3591.6549401869997,8.9791373504675,False,False,trial_51
400,0.1,1.0,9,random_same,dynamic,True,100.0,1.155319853173082,93,807.7358467700033,8.68533168569896,False,False,trial_46
400,0.1,1.0,9,random_same,dynamic,True,100.0,1.1694567256029589,168,1300.483810742,7.740975063940477,False,False,trial_46
400,0.1,1.0,9,random_same,dynamic,True,100.0,1.1539624302075635,146,1320.5600155670036,9.044931613472627,False,False,trial_46
400,0.1,1.0,9,random_same,dynamic,False,91.66666666666666,1.0884185978150782,400,1999.7553038639962,4.999388259659991,False,False,trial_51
400,0.1,1.0,9,random_same,dynamic,False,91.66666666666666,1.0894105058839179,400,2891.8046179230005,7.229511544807501,False,False,trial_51
400,0.1,1.0,9,random_same,dynamic,False,91.66666666666666,1.0905664401425215,400,2618.3446064480013,6.545861516120003,False,False,trial_51
400,0.1,1.0,9,random_same,dynamic,False,91.66666666666666,1.0508170217254968,400,1933.5588812620044,4.833897203155011,False,False,trial_46
400,0.1,1.0,9,random_same,dynamic,False,91.66666666666666,1.0898745936019838,400,3054.429214374999,7.636073035937497,False,False,trial_51
400,0.1,1.0,9,random_same,dynamic,True,100.0,1.1704243921702797,255,1959.300290322004,7.683530550282368,False,False,trial_46
400,0.1,1.0,9,random_same,dynamic,False,91.66666666666666,1.090833333333333,400,2812.5483014440033,7.031370753610008,False,False,trial_51
400,0.1,1.0,9,random_same,dynamic,False,91.66666666666666,1.0903532086373857,400,2567.5558043359997,6.41888951084,False,False,trial_51
400,0.1,1.0,9,random_same,dynamic,True,100.0,1.1808426548252409,296,2229.4687359029995,7.5319889726452685,False,False,trial_46
400,0.1,1.0,9,random_same,dynamic,False,91.66666666666666,1.0878421475401752,400,2612.186555858003,6.5304663896450075,False,False,trial_51
400,0.1,1.0,9,random_same,dynamic,False,91.66666666666666,1.0806221693997866,400,2498.299289447001,6.245748223617502,False,False,trial_51
400,0.1,1.0,9,random_same,dynamic,False,91.66666666666666,1.0865408736232292,400,2683.4884297160024,6.708721074290006,False,False,trial_51
400,0.1,1.0,9,random_same,dynamic,False,91.66666666666666,1.0892044626137418,400,2412.9316343690007,6.032329085922502,False,False,trial_51
400,0.1,1.0,9,random_same,dynamic,False,91.66666666666666,1.077748583824785,400,2381.1022059310053,5.952755514827513,False,False,trial_46
400,0.1,1.0,9,random_same,dynamic,False,91.66666666666666,1.077748583824785,400,2347.6722736029988,5.869180684007497,False,False,trial_46
400,0.1,1.0,9,random_same,dynamic,True,100.0,1.17609833485694,399,2295.530975868998,5.753210465837088,False,False,trial_46
400,0.1,1.0,9,random_same,dynamic,True,100.0,1.17609833485694,399,2261.684804642995,5.668382969030063,False,False,trial_46
400,0.1,1.0,9,random_same,dynamic,False,91.66666666666666,1.090833333333333,400,2812.9322632459953,7.032330658114988,False,False,trial_51
400,0.1,1.0,9,random_same,dynamic,False,91.66666666666666,1.0583460375051035,400,2249.1821454739984,5.622955363684996,False,False,trial_46
400,0.1,1.0,9,random_same,dynamic,False,91.66666666666666,1.0801703078577163,400,2704.088023477001,6.760220058692503,False,False,trial_46
400,0.1,1.0,9,random_same,dynamic,False,91.66666666666666,1.0653304197899238,400,2275.686608830998,5.689216522077495,False,False,trial_46
400,0.1,1.0,9,random_same,dynamic,False,91.66666666666666,1.0741406202684227,400,2420.918743479997,6.052296858699992,False,False,trial_46
400,0.1,1.0,9,random_same,dynamic,False,91.66666666666666,1.0877690389442718,400,2312.038050035997,5.780095125089993,False,False,trial_46
