LI,EF,DF,HL,rollout_method,hertg_method,done,percent_done,cumulative_reward,num_actions,computation_time,computation_per_action
100,0.1,1.0,6,random,static,True,100.0,6.95,72,132.63624849400003,1.8421701179722225
100,0.1,1.0,6,random,static,True,100.0,6.95,72,133.34165473500025,1.8519674268750035
100,0.1,1.0,6,random,static,True,100.0,6.95,72,135.20308237399968,1.8778205885277732
100,0.1,1.0,6,random,static,True,100.0,6.95,72,136.18347079500018,1.8914370943750025
100,0.1,1.0,6,random,static,True,100.0,6.95,72,136.47899237599995,1.895541560777777
100,0.1,1.0,6,random,static,True,100.0,6.95,72,136.59386971899994,1.8971370794305547
100,0.1,1.0,6,random,static,True,100.0,6.95,72,136.95776941899976,1.9021912419305522
100,0.1,1.0,6,random,static,True,100.0,6.95,72,137.01124758700007,1.9029339942638899
100,0.1,1.0,6,random,static,True,100.0,6.95,72,138.05199796999977,1.9173888606944414
100,0.1,1.0,6,random,static,True,100.0,6.95,72,138.7346454909998,1.9268700762638862
100,0.1,1.0,6,random,static,True,100.0,6.95,72,138.85531334200004,1.9285460186388894
100,0.1,1.0,6,random,static,True,100.0,6.95,72,139.12622952300035,1.9323087433750048
100,0.1,1.0,6,random,static,True,100.0,6.95,72,139.12111115800008,1.9322376549722233
100,0.1,1.0,6,random,static,True,100.0,6.95,72,140.44950407700026,1.9506875566250035
100,0.1,1.0,6,random,static,True,100.0,6.95,72,141.4900481259997,1.9651395573055512
100,0.1,1.0,6,random,static,True,100.0,6.95,72,141.5440162470004,1.9658891145416721
100,0.1,1.0,6,random,static,True,100.0,6.95,72,141.94435121800007,1.9714493224722232
100,0.1,1.0,6,random,static,True,100.0,6.95,72,142.045122729,1.972848926791667
100,0.1,1.0,6,random,static,True,100.0,6.95,72,142.77691839,1.9830127554166666
100,0.1,1.0,6,random,static,True,100.0,6.95,72,143.22460713300006,1.989230654625001
100,0.1,1.0,6,random,static,True,100.0,6.95,72,143.33965472599994,1.9908285378611101
100,0.1,1.0,6,random,static,True,100.0,6.95,72,143.9548101710002,1.9993723634861138
100,0.1,1.0,6,random,static,True,100.0,6.95,72,143.90470563300005,1.9986764671250006
100,0.1,1.0,6,random,static,True,100.0,6.95,72,144.2942039290001,2.004086165680557
100,0.1,1.0,6,random,static,True,100.0,6.95,72,146.12551394899992,2.0295210270694435
100,0.1,1.0,6,random,static,True,100.0,6.95,72,146.103853997,2.0292201944027775
100,0.1,1.0,6,random,static,True,100.0,6.95,72,146.83486036400018,2.039373060611114
100,0.1,1.0,6,random,static,True,100.0,6.95,72,149.24153154799978,2.0727990492777746
100,0.1,1.0,6,random,static,True,100.0,6.95,72,149.32511462999992,2.0739599254166654
100,0.1,1.0,6,random,static,True,100.0,6.95,72,149.6480917429999,2.0784457186527763
100,0.1,1.0,6,random,static,True,100.0,6.95,72,150.5302742380004,2.090698253305561
100,0.1,1.0,6,random,static,True,100.0,6.95,72,151.4456173460003,2.103411352027782
100,0.1,1.0,6,random,static,False,91.66666666666666,6.359697910388978,200,355.9670862769999,1.7798354313849996
100,0.1,1.0,6,random,static,False,91.66666666666666,6.359697910388978,200,358.2392084930002,1.791196042465001
100,0.1,1.0,6,random,static,False,91.66666666666666,6.359697910388978,200,358.4106245160001,1.7920531225800005
100,0.1,1.0,6,random,static,False,91.66666666666666,6.359697910388978,200,367.555079103,1.837775395515
100,0.1,1.0,6,random,static,False,91.66666666666666,6.359697910388978,200,368.2337972669998,1.841168986334999
100,0.1,1.0,6,random,static,False,91.66666666666666,6.359697910388978,200,372.700272647,1.8635013632350002
100,0.1,1.0,6,random,static,False,91.66666666666666,6.359697910388978,200,373.4016701249998,1.8670083506249988
100,0.1,1.0,6,random,static,False,91.66666666666666,6.359697910388978,200,378.1454979939999,1.8907274899699997
100,0.1,1.0,6,random,static,False,91.66666666666666,6.359697910388978,200,372.67983912499994,1.8633991956249998
100,0.1,1.0,6,random,static,False,91.66666666666666,6.359697910388978,200,368.44237503700015,1.8422118751850007
100,0.1,1.0,6,random,static,False,91.66666666666666,6.359697910388978,200,369.7286835629998,1.8486434178149989
100,0.1,1.0,6,random,static,False,91.66666666666666,6.359697910388978,200,378.69236676799983,1.893461833839999
100,0.1,1.0,6,random,static,False,91.66666666666666,6.359697910388978,200,369.9696592180003,1.8498482960900013
100,0.1,1.0,6,random,static,False,91.66666666666666,6.359697910388978,200,375.7523608370002,1.878761804185001
100,0.1,1.0,6,random,static,False,91.66666666666666,6.359697910388978,200,376.4642275680003,1.8823211378400015
100,0.1,1.0,6,random,static,False,91.66666666666666,6.359697910388978,200,382.4465277029999,1.9122326385149995
100,0.1,1.0,6,random,static,False,91.66666666666666,6.359697910388978,200,376.9266122500003,1.8846330612500015
100,0.1,1.0,6,random,static,False,91.66666666666666,6.359697910388978,200,384.7916643190001,1.9239583215950007
100,0.1,1.0,6,random,static,False,91.66666666666666,6.359697910388978,200,378.0166108620001,1.8900830543100005
100,0.1,1.0,6,random,static,False,91.66666666666666,6.359697910388978,200,379.50543807999975,1.8975271903999988
100,0.1,1.0,6,random,static,False,91.66666666666666,6.359697910388978,200,388.0073768019997,1.9400368840099986
100,0.1,1.0,6,random,static,False,91.66666666666666,6.359697910388978,200,388.91809378300013,1.9445904689150006
100,0.1,1.0,6,random,static,False,91.66666666666666,6.359697910388978,200,379.47683126799984,1.8973841563399991
100,0.1,1.0,6,random,static,False,91.66666666666666,6.359697910388978,200,388.6751358649999,1.9433756793249994
100,0.1,1.0,6,random,static,False,91.66666666666666,6.359697910388978,200,388.88868195899977,1.9444434097949987
100,0.1,1.0,6,random,static,False,91.66666666666666,6.359697910388978,200,398.6909382009999,1.9934546910049995
100,0.1,1.0,6,random,static,False,91.66666666666666,6.359697910388978,200,385.2451336129998,1.926225668064999
100,0.1,1.0,6,random,static,False,91.66666666666666,6.359697910388978,200,388.3917927290004,1.9419589636450019
100,0.1,1.0,6,random,static,False,91.66666666666666,6.359697910388978,200,400.635450795,2.003177253975
100,0.1,1.0,6,random,static,False,91.66666666666666,6.359697910388978,200,396.8490338639999,1.9842451693199996
100,0.1,1.0,6,random,static,False,91.66666666666666,6.359697910388978,200,395.9765799749998,1.979882899874999
100,0.1,1.0,6,random,static,False,91.66666666666666,6.359697910388978,200,397.67928470299967,1.9883964235149982
100,0.1,1.0,6,random,static,True,100.0,6.95,72,130.15636260700012,1.8077272584305573
100,0.1,1.0,6,random,static,True,100.0,6.95,72,129.1718844889997,1.794053951236107
100,0.1,1.0,6,random,static,True,100.0,6.95,72,141.81398795099994,1.969638721541666
100,0.1,1.0,6,random,static,True,100.0,6.95,72,132.16228712700013,1.8355873212083351
100,0.1,1.0,6,random,static,True,100.0,6.95,72,131.86043965599993,1.8313949952222213
100,0.1,1.0,6,random,static,True,100.0,6.95,72,130.85047877099987,1.8173677607083316
100,0.1,1.0,6,random,static,True,100.0,6.95,72,135.67832389500018,1.8844211652083358
100,0.1,1.0,6,random,static,True,100.0,6.95,72,131.22829743900002,1.8226152422083335
100,0.1,1.0,6,random,static,True,100.0,6.95,72,133.4662454280001,1.853697853166668
100,0.1,1.0,6,random,static,True,100.0,6.95,72,132.89175234200002,1.845718782527778
100,0.1,1.0,6,random,static,True,100.0,6.95,72,144.5244711119999,2.0072843209999984
100,0.1,1.0,6,random,static,True,100.0,6.95,72,140.22134036099987,1.9475186161249982
100,0.1,1.0,6,random,static,True,100.0,6.95,72,140.9954243799998,1.9582697830555529
100,0.1,1.0,6,random,static,True,100.0,6.95,72,137.77003805799995,1.913472750805555
100,0.1,1.0,6,random,static,True,100.0,6.95,72,142.83923454199976,1.9838782575277745
100,0.1,1.0,6,random,static,True,100.0,6.95,72,138.8592201059996,1.9286002792499946
100,0.1,1.0,6,random,static,True,100.0,6.95,72,144.911286775,2.012656760763889
100,0.1,1.0,6,random,static,True,100.0,6.95,72,129.914890819,1.804373483597222
100,0.1,1.0,6,random,static,True,100.0,6.95,72,147.19768791600018,2.044412332166669
100,0.1,1.0,6,random,static,True,100.0,6.95,72,143.0084039850003,1.9862278331250043
100,0.1,1.0,6,random,static,True,100.0,6.95,72,130.75267743800032,1.8160094088611156
100,0.1,1.0,6,random,static,True,100.0,6.95,72,142.82833033999987,1.9837268102777759
100,0.1,1.0,6,random,static,True,100.0,6.95,72,139.96327841999982,1.9439344224999975
100,0.1,1.0,6,random,static,True,100.0,6.95,72,134.00595357099974,1.8611937995972185
100,0.1,1.0,6,random,static,True,100.0,6.95,72,142.00864634300024,1.9723423103194477
100,0.1,1.0,6,random,static,True,100.0,6.95,72,135.28119388100004,1.878905470569445
100,0.1,1.0,6,random,static,True,100.0,6.95,72,142.67604607299972,1.981611751013885
100,0.1,1.0,6,random,static,True,100.0,6.95,72,144.76010264600018,2.010556981194447
100,0.1,1.0,6,random,static,True,100.0,6.95,72,148.93411743900015,2.068529408875002
100,0.1,1.0,6,random,static,True,100.0,6.95,72,148.840672198,2.0672315583055556
100,0.1,1.0,6,random,static,True,100.0,6.95,72,144.3684064429999,2.0051167561527765
100,0.1,1.0,6,random,static,True,100.0,6.95,72,149.54113043200005,2.0769601448888895
100,0.1,1.0,6,random,static,True,100.0,6.95,49,114.26138042399998,2.3318649066122443
100,0.1,1.0,6,random,static,True,100.0,6.95,49,113.56694240900015,2.317692702224493
100,0.1,1.0,6,random,static,True,100.0,6.95,49,117.67194083599998,2.40146818032653
100,0.1,1.0,6,random,static,True,100.0,6.95,49,126.53899785799968,2.582428527714279
100,0.1,1.0,6,same,static,True,100.0,6.9439578844623115,85,185.4750875579998,2.182059853623527
100,0.1,1.0,6,same,static,True,100.0,6.9439578844623115,85,187.36909740700003,2.2043423224352945
100,0.1,1.0,6,same,static,True,100.0,6.9439578844623115,85,190.68579149700008,2.243362252905883
100,0.1,1.0,6,same,static,True,100.0,6.9439578844623115,85,210.72594675799974,2.479128785388232
100,0.1,1.0,6,same,static,True,100.0,6.9439578844623115,85,194.54620360800027,2.288778865976474
100,0.1,1.0,6,same,static,True,100.0,6.9439578844623115,85,190.22262797699977,2.2379132703176445
100,0.1,1.0,6,same,static,True,100.0,6.9439578844623115,85,193.0567938009999,2.2712563976588225
100,0.1,1.0,6,same,static,True,100.0,6.9439578844623115,85,197.1949456279999,2.319940536799999
100,0.1,1.0,6,same,static,True,100.0,6.9439578844623115,85,199.4657524600002,2.34665591129412
100,0.1,1.0,6,same,static,True,100.0,6.9439578844623115,85,202.3291611919999,2.3803430728470576
100,0.1,1.0,6,same,static,True,100.0,6.9439578844623115,85,201.12912752300008,2.366225029682354
100,0.1,1.0,6,same,static,True,100.0,6.9439578844623115,85,212.23634832499965,2.496898215588231
100,0.1,1.0,6,same,static,True,100.0,6.9439578844623115,85,196.2756481299998,2.3091252721176447
100,0.1,1.0,6,same,static,True,100.0,6.9439578844623115,85,204.73558507400003,2.408653942047059
100,0.1,1.0,6,same,static,True,100.0,6.9439578844623115,85,200.48909445799973,2.358695228917644
100,0.1,1.0,6,same,static,True,100.0,6.9439578844623115,85,212.63884018299996,2.5016334139176464
100,0.1,1.0,6,same,static,True,100.0,6.9439578844623115,85,200.15565691799975,2.354772434329409
100,0.1,1.0,6,same,static,True,100.0,6.9439578844623115,85,203.6684792809997,2.396099756247055
100,0.1,1.0,6,same,static,True,100.0,6.9439578844623115,85,216.9729881090002,2.5526233895176493
100,0.1,1.0,6,same,static,True,100.0,6.9439578844623115,85,215.83928125600005,2.5392856618352946
100,0.1,1.0,6,same,static,True,100.0,6.9439578844623115,85,208.6919847869999,2.455199821023528
100,0.1,1.0,6,same,static,True,100.0,6.9439578844623115,85,215.25647122300006,2.5324290732117656
100,0.1,1.0,6,same,static,True,100.0,6.9439578844623115,85,213.57426279900028,2.5126383858705914
100,0.1,1.0,6,same,static,True,100.0,6.9439578844623115,85,218.08170696599973,2.5656671407764673
100,0.1,1.0,6,same,static,True,100.0,6.9439578844623115,85,216.9551373029999,2.552413380035293
100,0.1,1.0,6,same,static,True,100.0,6.9439578844623115,85,203.82797646900008,2.397976193752942
100,0.1,1.0,6,same,static,True,100.0,6.9439578844623115,85,211.5723281530004,2.4890862135647107
100,0.1,1.0,6,same,static,True,100.0,6.9439578844623115,85,213.9984155530001,2.517628418270589
100,0.1,1.0,6,same,static,True,100.0,6.95,95,175.759635205,1.8501014232105262
100,0.1,1.0,6,same,static,True,100.0,6.95,95,185.69828502100017,1.9547187896947387
100,0.1,1.0,6,same,static,True,100.0,6.95,95,182.0756206789997,1.9165854808315759
100,0.1,1.0,6,same,static,True,100.0,6.91432914240237,72,125.65422265400002,1.7451975368611115
100,0.1,1.0,6,same,static,True,100.0,6.95,95,197.22992831300007,2.0761045085578953
100,0.1,1.0,6,same,static,True,100.0,6.91432914240237,72,128.93362015699995,1.790744724402777
100,0.1,1.0,6,same,static,True,100.0,6.91432914240237,72,125.29205958099965,1.7401674941805507
100,0.1,1.0,6,same,static,True,100.0,6.91432914240237,72,128.27317672800018,1.7815718990000025
100,0.1,1.0,6,same,static,True,100.0,6.91432914240237,72,130.6440892149999,1.8145012390972208
100,0.1,1.0,6,same,static,True,100.0,6.91432914240237,72,136.66885300000013,1.8981785138888907
100,0.1,1.0,6,same,static,True,100.0,6.91432914240237,72,128.0298314659999,1.778192103694443
100,0.1,1.0,6,same,static,True,100.0,6.91432914240237,72,136.25956234800014,1.892493921500002
100,0.1,1.0,6,same,static,True,100.0,6.91432914240237,72,132.3802348510003,1.8386143729305597
100,0.1,1.0,6,same,static,True,100.0,6.91432914240237,72,136.9359271909998,1.9018878776527748
100,0.1,1.0,6,same,static,True,100.0,6.91432914240237,72,133.73828141400008,1.8574761307500012
100,0.1,1.0,6,same,static,True,100.0,6.91432914240237,72,144.734155698,2.010196606916667
100,0.1,1.0,6,same,static,True,100.0,6.91432914240237,72,133.27737965999995,1.8510747174999993
100,0.1,1.0,6,same,static,True,100.0,6.91432914240237,72,141.8055145430003,1.9695210353194486
100,0.1,1.0,6,same,static,True,100.0,6.91432914240237,72,132.26896845800002,1.8370690063611113
100,0.1,1.0,6,same,static,True,100.0,6.91432914240237,72,142.37898872899996,1.9774859545694439
100,0.1,1.0,6,same,static,True,100.0,6.91432914240237,72,140.69193372600012,1.954054635083335
100,0.1,1.0,6,same,static,True,100.0,6.91432914240237,72,135.52785546999985,1.88233132597222
100,0.1,1.0,6,same,static,True,100.0,6.91432914240237,72,139.71701754000014,1.940514132500002
100,0.1,1.0,6,same,static,True,100.0,6.91432914240237,72,145.64246747800007,2.0228120483055565
100,0.1,1.0,6,same,static,True,100.0,6.91432914240237,72,143.87528712599988,1.9982678767499982
100,0.1,1.0,6,same,static,True,100.0,6.91432914240237,72,145.84795274399994,2.0256660103333326
100,0.1,1.0,6,same,static,True,100.0,6.91432914240237,72,146.49271971000007,2.034621107083334
100,0.1,1.0,6,same,static,True,100.0,6.91432914240237,72,133.53008550200002,1.8545845208611114
100,0.1,1.0,6,same,static,True,100.0,6.91432914240237,72,141.61109344700026,1.966820742319448
100,0.1,1.0,6,same,static,True,100.0,6.91432914240237,72,143.03289447100042,1.9865679787638948
100,0.1,1.0,6,same,static,True,100.0,6.91432914240237,72,148.19660151799962,2.0582861321944392
100,0.1,1.0,6,same,static,True,100.0,6.91432914240237,72,145.40665358499973,2.0195368553472184
100,0.1,1.0,6,same,static,True,100.0,6.949958268784518,84,141.0371550130003,1.6790137501547655
100,0.1,1.0,6,same,static,True,100.0,6.949958268784518,84,141.13564918800012,1.6801862998571442
100,0.1,1.0,6,same,static,True,100.0,6.949958268784518,84,144.87946218099978,1.7247555021547594
100,0.1,1.0,6,same,static,True,100.0,6.949958268784518,84,156.45844020100003,1.8626004785833337
100,0.1,1.0,6,same,static,True,100.0,6.947711054834675,150,288.41248373300004,1.9227498915533336
100,0.1,1.0,6,same,static,True,100.0,6.947711054834675,150,284.4569257809999,1.8963795052066659
100,0.1,1.0,6,same,static,True,100.0,6.947711054834675,150,288.085586446,1.9205705763066665
100,0.1,1.0,6,same,static,True,100.0,6.947711054834675,150,297.5899881319997,1.9839332542133312
100,0.1,1.0,6,same,static,True,100.0,6.947711054834675,150,288.67164724400027,1.9244776482933352
100,0.1,1.0,6,same,static,True,100.0,6.947711054834675,150,297.52671979700017,1.9835114653133346
100,0.1,1.0,6,same,static,True,100.0,6.950000000000001,143,226.55329339900027,1.584288765027974
100,0.1,1.0,6,same,static,True,100.0,6.947711054834675,150,295.69017823099966,1.9712678548733311
100,0.1,1.0,6,same,static,True,100.0,6.950000000000001,143,229.6497892540001,1.6059425821958049
100,0.1,1.0,6,same,static,True,100.0,6.947711054834675,150,296.54239485000016,1.976949299000001
100,0.1,1.0,6,same,static,True,100.0,6.947711054834675,150,306.00948947999996,2.0400632631999995
100,0.1,1.0,6,same,static,True,100.0,6.947711054834675,150,297.7947810989999,1.9852985406599994
100,0.1,1.0,6,same,static,True,100.0,6.947711054834675,150,314.3895884880003,2.095930589920002
100,0.1,1.0,6,same,static,True,100.0,6.947711054834675,150,304.410826714,2.0294055114266665
100,0.1,1.0,6,same,static,True,100.0,6.947711054834675,150,306.6117932870002,2.0440786219133344
100,0.1,1.0,6,same,static,True,100.0,6.947711054834675,150,312.54408151999996,2.0836272101333333
100,0.1,1.0,6,same,static,True,100.0,6.947711054834675,150,320.3294761420002,2.135529840946668
100,0.1,1.0,6,same,static,True,100.0,6.947711054834675,150,305.1343111420001,2.0342287409466673
100,0.1,1.0,6,same,static,True,100.0,6.950000000000001,143,234.59363415899998,1.640514924188811
100,0.1,1.0,6,same,static,True,100.0,6.947711054834675,150,314.9622473649997,2.0997483157666648
100,0.1,1.0,6,same,static,True,100.0,6.947711054834675,150,316.3051607279999,2.1087010715199996
100,0.1,1.0,6,same,static,True,100.0,6.947711054834675,150,298.20699886700004,1.9880466591133337
100,0.1,1.0,6,same,static,True,100.0,6.947711054834675,150,309.3195699219996,2.0621304661466637
100,0.1,1.0,6,same,static,True,100.0,6.947711054834675,150,310.78110038800014,2.0718740025866675
100,0.1,1.0,6,same,static,True,100.0,6.947711054834675,150,306.8024704069999,2.0453498027133326
100,0.1,1.0,6,same,static,True,100.0,6.947711054834675,150,305.55838325800005,2.037055888386667
100,0.1,1.0,6,same,static,True,100.0,6.947711054834675,150,315.908786297,2.1060585753133334
100,0.1,1.0,6,same,static,True,100.0,6.947711054834675,150,322.9049288059996,2.1526995253733308
100,0.1,1.0,6,same,static,True,100.0,6.947711054834675,150,310.6314630339998,2.070876420226665
100,0.1,1.0,6,same,static,True,100.0,6.947711054834675,150,312.90664879199994,2.0860443252799996
100,0.1,1.0,6,same,static,True,100.0,6.947711054834675,150,323.6031586940003,2.1573543912933353
100,0.1,1.0,6,same,static,True,100.0,6.950000000000001,143,254.38828887199998,1.7789390830209788
100,0.1,1.0,6,random_same,static,True,100.0,6.936830342309928,50,99.69244702100013,1.9938489404200026
100,0.1,1.0,6,random_same,static,True,100.0,6.936830342309928,50,103.37383341400027,2.0674766682800056
100,0.1,1.0,6,random_same,static,True,100.0,6.936830342309928,50,101.57378051500018,2.031475610300004
100,0.1,1.0,6,random_same,static,True,100.0,6.949999999999998,107,198.32123170800014,1.8534694552149547
100,0.1,1.0,6,random_same,static,True,100.0,6.949999999999998,107,195.47797051899988,1.8268969207383166
100,0.1,1.0,6,random_same,static,True,100.0,6.949999999999998,107,205.32057369800032,1.9188838663364516
100,0.1,1.0,6,random_same,static,True,100.0,6.936830342309928,50,112.99893795799971,2.2599787591599942
100,0.1,1.0,6,random_same,static,True,100.0,6.949999999999998,107,197.0027416109997,1.8411471178598102
100,0.1,1.0,6,random_same,static,True,100.0,6.949999999999998,107,197.2011488590001,1.8430013912056085
100,0.1,1.0,6,random_same,static,True,100.0,6.949999999999998,107,193.88879747800001,1.8120448362429908
100,0.1,1.0,6,random_same,static,True,100.0,6.949999999999998,107,195.72821148100002,1.8292356213177572
100,0.1,1.0,6,random_same,static,True,100.0,6.949999999999998,107,198.01341838999997,1.8505926952336447
100,0.1,1.0,6,same,static,True,100.0,6.95,135,249.94098778399984,1.8514147243259247
100,0.1,1.0,6,same,static,True,100.0,6.95,135,257.02014371999985,1.9038529164444433
100,0.1,1.0,6,random_same,static,True,100.0,6.949999999999998,107,197.531244366,1.8460863959439253
100,0.1,1.0,6,same,static,True,100.0,6.95,135,254.82201686999997,1.8875704953333332
100,0.1,1.0,6,random_same,static,True,100.0,6.949999999999998,107,204.62067613299996,1.9123427675981304
100,0.1,1.0,6,random_same,static,True,100.0,6.949999999999998,107,194.39762111200025,1.8168001973084136
100,0.1,1.0,6,random_same,static,True,100.0,6.949999999999998,107,200.71415794699988,1.8758332518411203
100,0.1,1.0,6,random_same,static,True,100.0,6.949999999999998,107,194.93799040500016,1.821850377616824
100,0.1,1.0,6,random_same,static,True,100.0,6.949999999999998,107,208.0159379050001,1.9440741860280384
100,0.1,1.0,6,random_same,static,True,100.0,6.949999999999998,107,197.48856358600005,1.8456875101495331
100,0.1,1.0,6,random_same,static,True,100.0,6.949999999999998,107,203.6809314709999,1.9035601072056065
100,0.1,1.0,6,random_same,static,True,100.0,6.949999999999998,107,214.49878525999975,2.004661544485979
100,0.1,1.0,6,random_same,static,True,100.0,6.949999999999998,107,209.1492988179998,1.9546663440934562
100,0.1,1.0,6,random_same,static,True,100.0,6.949999999999998,107,197.73747363999973,1.848013772336446
100,0.1,1.0,6,random_same,static,True,100.0,6.949999999999998,107,202.0728064949999,1.888530901822429
100,0.1,1.0,6,same,static,True,100.0,6.95,135,278.1347882089999,2.0602576904370364
100,0.1,1.0,6,random_same,static,True,100.0,6.949999999999998,107,209.94787711599975,1.9621296926728948
100,0.1,1.0,6,random_same,static,True,100.0,6.949999999999998,107,205.52221139799985,1.9207683308224286
100,0.1,1.0,6,random_same,static,True,100.0,6.949999999999998,107,207.361378909,1.9379568122336448
100,0.1,1.0,6,random_same,static,True,100.0,6.949999999999998,107,208.5723024670001,1.9492738548317767
100,0.1,1.0,6,random_same,static,True,100.0,6.950000000000002,105,180.68989263100002,1.7208561202952384
100,0.1,1.0,6,random_same,static,True,100.0,6.950000000000002,105,184.95644309,1.7614899341904762
100,0.1,1.0,6,random_same,static,True,100.0,6.950000000000002,105,183.02723731300057,1.7431165458381006
100,0.1,1.0,6,random_same,static,True,100.0,6.881149968409078,196,355.190800804,1.8121979632857141
100,0.1,1.0,6,random_same,static,True,100.0,6.950000000000002,105,192.5176779190001,1.8335016944666678
100,0.1,1.0,6,random_same,static,True,100.0,6.881149968409078,196,361.76245930300047,1.845726833178574
100,0.1,1.0,6,random_same,static,True,100.0,6.881149968409078,196,365.1989215469998,1.8632598038112236
100,0.1,1.0,6,random_same,static,False,83.33333333333334,5.745958581931029,200,321.737167496,1.60868583748
100,0.1,1.0,6,random_same,static,False,83.33333333333334,5.745958581931029,200,335.35919445599984,1.6767959722799992
100,0.1,1.0,6,random_same,static,False,83.33333333333334,5.745958581931029,200,334.8362743919997,1.6741813719599987
100,0.1,1.0,6,random_same,static,False,83.33333333333334,5.745958581931029,200,339.65002084900016,1.698250104245001
100,0.1,1.0,6,random_same,static,False,83.33333333333334,5.745958581931029,200,334.6547196010001,1.6732735980050006
100,0.1,1.0,6,random_same,static,False,83.33333333333334,5.745958581931029,200,336.26866496100047,1.6813433248050023
100,0.1,1.0,6,random_same,static,False,83.33333333333334,5.745958581931029,200,344.19376660399985,1.7209688330199993
100,0.1,1.0,6,random_same,static,False,83.33333333333334,5.745958581931029,200,342.6490273500003,1.7132451367500017
100,0.1,1.0,6,random_same,static,False,83.33333333333334,5.745958581931029,200,336.8041312319997,1.6840206561599984
100,0.1,1.0,6,random_same,static,False,83.33333333333334,5.745958581931029,200,335.2037345640001,1.6760186728200006
100,0.1,1.0,6,random_same,static,False,83.33333333333334,5.745958581931029,200,341.6640776039999,1.7083203880199995
100,0.1,1.0,6,random_same,static,False,83.33333333333334,5.745958581931029,200,347.7869123180003,1.7389345615900016
100,0.1,1.0,6,random_same,static,False,83.33333333333334,5.745958581931029,200,339.964178362,1.69982089181
100,0.1,1.0,6,random_same,static,False,83.33333333333334,5.745958581931029,200,336.85255810399985,1.6842627905199992
100,0.1,1.0,6,random_same,static,False,83.33333333333334,5.745958581931029,200,347.2600783849998,1.736300391924999
100,0.1,1.0,6,random_same,static,False,83.33333333333334,5.745958581931029,200,348.22713301800013,1.7411356650900007
100,0.1,1.0,6,random_same,static,False,83.33333333333334,5.745958581931029,200,340.3181262150001,1.7015906310750006
100,0.1,1.0,6,random_same,static,False,83.33333333333334,5.745958581931029,200,342.70073322400003,1.7135036661200003
100,0.1,1.0,6,random_same,static,False,83.33333333333334,5.745958581931029,200,347.4190201070005,1.7370951005350026
100,0.1,1.0,6,random_same,static,True,100.0,6.81988399227965,113,209.1707166369997,1.8510682888230063
100,0.1,1.0,6,random_same,static,True,100.0,6.81988399227965,113,211.35175089299992,1.8703694769292027
100,0.1,1.0,6,random_same,static,True,100.0,6.881149968409078,196,415.49860112800025,2.1198908220816337
100,0.1,1.0,6,random_same,static,False,83.33333333333334,5.745958581931029,200,356.2652596939997,1.7813262984699987
100,0.1,1.0,6,random_same,static,True,100.0,6.81988399227965,113,211.38861675299995,1.8706957234778756
100,0.1,1.0,6,random_same,static,False,83.33333333333334,5.745958581931029,200,351.2084465630005,1.7560422328150025
100,0.1,1.0,6,random_same,static,False,83.33333333333334,5.745958581931029,200,357.72790759899954,1.7886395379949978
100,0.1,1.0,6,random_same,static,True,100.0,6.940115805791848,61,132.3990058219997,2.170475505278684
100,0.1,1.0,6,random_same,static,False,83.33333333333334,5.745958581931029,200,374.81858219299966,1.8740929109649982
100,0.1,1.0,6,random_same,static,False,83.33333333333334,5.745958581931029,200,373.397058602,1.8669852930100002
100,0.1,1.0,6,random_same,static,True,100.0,6.940115805791848,61,134.70406527700015,2.208263365196724
100,0.1,1.0,6,random_same,static,True,100.0,6.940115805791848,61,140.41399121300037,2.301868708409842
100,0.1,1.0,6,random_same,static,True,100.0,6.940115805791848,61,134.8897066190002,2.211306665885249
100,0.1,1.0,6,random_same,static,True,100.0,6.940115805791848,61,145.64576543199928,2.387635498885234
100,0.1,1.0,6,random_same,static,True,100.0,6.81988399227965,113,230.13421089300027,2.036585937106197
100,0.1,1.0,6,random_same,static,True,100.0,6.940115805791848,61,131.46380463399964,2.1551443382622892
100,0.1,1.0,6,random_same,static,True,100.0,6.940115805791848,61,135.7840796370001,2.225968518639346
100,0.1,1.0,6,random_same,static,True,100.0,6.940115805791848,61,146.0443033779993,2.3941689078360544
100,0.1,1.0,6,random_same,static,True,100.0,6.940115805791848,61,146.5648030860002,2.4027016899344296
100,0.1,1.0,6,random_same,static,True,100.0,6.940115805791848,61,150.48197017799976,2.4669175439016353
100,0.1,1.0,6,random_same,static,True,100.0,6.940115805791848,61,133.02658360500027,2.1807636656557423
100,0.1,1.0,6,random_same,static,True,100.0,6.940115805791848,61,145.3293997239998,2.3824491758032758
100,0.1,1.0,6,random_same,static,True,100.0,6.940115805791848,61,140.2841029000001,2.2997393918032802
100,0.1,1.0,6,random_same,static,True,100.0,6.940115805791848,61,142.99562068199975,2.3441905029836025
100,0.1,1.0,6,random_same,static,True,100.0,6.940115805791848,61,144.8551348609999,2.3746743419836047
100,0.1,1.0,6,random_same,static,True,100.0,6.940115805791848,61,141.05766368399964,2.3124207161311414
100,0.1,1.0,6,random_same,static,True,100.0,6.940115805791848,61,142.93611115799922,2.3432149370163806
100,0.1,1.0,6,random_same,static,True,100.0,6.940115805791848,61,143.03493112199976,2.3448349364262255
100,0.1,1.0,6,random_same,static,True,100.0,6.940115805791848,61,147.579304029,2.4193328529344265
100,0.1,1.0,6,random_same,static,True,100.0,6.940115805791848,61,140.85005458700016,2.309017288311478
100,0.1,1.0,6,random_same,static,True,100.0,6.949999999999998,69,151.63504760900014,2.197609385637683
100,0.1,1.0,6,random_same,static,True,100.0,6.949999999999998,69,153.2193227200005,2.2205698944927605
100,0.1,1.0,6,random_same,static,True,100.0,6.949999999999998,69,153.34303848499985,2.2223628765942007
100,0.1,1.0,6,random_same,static,True,100.0,6.940115805791848,61,143.79321409599925,2.357265804852447
100,0.1,1.0,6,random_same,static,True,100.0,6.940115805791848,61,145.22770237900022,2.3807820062131184
100,0.1,1.0,6,random_same,static,True,100.0,6.940115805791848,61,136.61525189299937,2.2395942933278583
100,0.1,1.0,6,random_same,static,True,100.0,6.940115805791848,61,139.32990832199994,2.284096857737704
100,0.1,1.0,6,random_same,static,True,100.0,6.95,64,162.04317113300021,2.5319245489531284
100,0.1,1.0,6,random_same,static,True,100.0,6.95,64,148.39053665699976,2.318602135265621
100,0.1,1.0,6,zero,static,True,100.0,6.830614308278108,57,124.49512046700056,2.184124920473694
100,0.1,1.0,6,zero,static,True,100.0,6.830614308278108,57,125.87752326900045,2.2083776012105343
100,0.1,1.0,6,random_same,static,True,100.0,6.95,64,153.52685040899996,2.3988570376406244
100,0.1,1.0,6,random_same,static,True,100.0,6.95,64,144.28608426399933,2.2544700666249895
100,0.1,1.0,6,zero,static,True,100.0,6.830614308278108,57,123.10097714400035,2.159666265684217
100,0.1,1.0,6,zero,static,True,100.0,6.949999999999999,69,135.6974585349999,1.966629833840578
100,0.1,1.0,6,random_same,static,True,100.0,6.95,64,150.97005451399946,2.3589071017812415
100,0.1,1.0,6,zero,static,True,100.0,6.830614308278108,57,138.3781074870003,2.4276860962631632
100,0.1,1.0,6,zero,static,True,100.0,6.830614308278108,57,131.1780603920006,2.301369480561414
100,0.1,1.0,6,zero,static,True,100.0,6.830614308278108,57,138.0068726770005,2.4211732048596577
100,0.1,1.0,6,zero,static,True,100.0,6.830614308278108,57,140.3051172810001,2.4614932856315805
100,0.1,1.0,6,zero,static,True,100.0,6.830614308278108,57,126.92904236200047,2.2268253045964994
100,0.1,1.0,6,zero,static,True,100.0,6.830614308278108,57,139.714588842,2.451133137578948
100,0.1,1.0,6,zero,static,True,100.0,6.830614308278108,57,127.79229331599981,2.2419700581754354
100,0.1,1.0,6,zero,static,True,100.0,6.830614308278108,57,137.96332315500058,2.420409178157905
100,0.1,1.0,6,zero,static,True,100.0,6.830614308278108,57,128.6552061530001,2.2571088798771948
100,0.1,1.0,6,zero,static,True,100.0,6.830614308278108,57,132.3433792579999,2.321813671192981
100,0.1,1.0,6,zero,static,True,100.0,6.830614308278108,57,136.6807479830004,2.3979078593508842
100,0.1,1.0,6,zero,static,True,100.0,6.830614308278108,57,141.327333577,2.479426904859649
100,0.1,1.0,6,zero,static,True,100.0,6.830614308278108,57,127.46481106100055,2.23622475545615
100,0.1,1.0,6,zero,static,True,100.0,6.830614308278108,57,134.8303855840004,2.365445361122814
100,0.1,1.0,6,random_same,static,False,91.66666666666666,6.348344207528019,200,468.3133934159996,2.341566967079998
100,0.1,1.0,6,zero,static,True,100.0,6.830614308278108,57,130.8428243999997,2.295488147368416
100,0.1,1.0,6,zero,static,True,100.0,6.925067653666476,47,106.81339789100002,2.2726254870425535
100,0.1,1.0,6,zero,static,True,100.0,6.925067653666476,47,111.57673167899975,2.373973014446803
100,0.1,1.0,6,zero,static,True,100.0,6.925067653666476,47,109.40994839199993,2.3278712423829773
100,0.1,1.0,6,zero,static,True,100.0,6.925067653666476,47,114.76623604999986,2.4418348095744653
100,0.1,1.0,6,random_same,static,False,91.66666666666666,6.348344207528019,200,474.810712253,2.3740535612650002
100,0.1,1.0,6,zero,static,True,100.0,6.830614308278108,57,138.02987986100015,2.4215768396666695
100,0.1,1.0,6,zero,static,True,100.0,6.925067653666476,47,107.63843125199946,2.2901793883404142
100,0.1,1.0,6,zero,static,True,100.0,6.950000000000001,89,141.38608049100003,1.5886076459662926
100,0.1,1.0,6,zero,static,True,100.0,6.925067653666476,47,106.9305026689999,2.2751170780638277
100,0.1,1.0,6,zero,static,True,100.0,6.925067653666476,47,118.90866706699944,2.5299716397233922
100,0.1,1.0,6,zero,static,True,100.0,6.925067653666476,47,115.1401160839996,2.449789703914885
100,0.1,1.0,6,zero,static,True,100.0,6.950000000000001,89,148.6513035150001,1.67023936533708
100,0.1,1.0,6,zero,static,True,100.0,6.950000000000001,89,143.80104609199952,1.615742090921343
100,0.1,1.0,6,zero,static,True,100.0,6.950000000000001,89,152.6828479370006,1.7155376172696695
100,0.1,1.0,6,zero,static,True,100.0,6.925067653666476,47,106.71344152300026,2.270498755808516
100,0.1,1.0,6,zero,static,True,100.0,6.925067653666476,47,114.11912969500008,2.428066589255321
100,0.1,1.0,6,zero,static,True,100.0,6.925067653666476,47,113.40456437600005,2.4128630718297885
100,0.1,1.0,6,random_same,static,False,91.66666666666666,6.348344207528019,200,482.608699591,2.413043497955
100,0.1,1.0,6,zero,static,True,100.0,6.950000000000001,89,155.8201351050002,1.7507880348876426
100,0.1,1.0,6,zero,static,True,100.0,6.925067653666476,47,119.52766280000014,2.5431417617021306
100,0.1,1.0,6,zero,static,True,100.0,6.925067653666476,47,109.53317908200006,2.330493171957448
100,0.1,1.0,6,zero,static,True,100.0,6.925067653666476,47,120.20915569699991,2.5576416105744664
100,0.1,1.0,6,zero,static,True,100.0,6.925067653666476,47,115.72246212099981,2.4621800451276554
100,0.1,1.0,6,zero,static,True,100.0,6.925067653666476,47,108.77476185199976,2.314356635148931
100,0.1,1.0,6,zero,static,True,100.0,6.925067653666476,47,116.08379105099993,2.4698678947021264
100,0.1,1.0,6,zero,static,True,100.0,6.925067653666476,47,114.62102565299938,2.4387452266595613
100,0.1,1.0,6,zero,static,True,100.0,6.908391116205598,76,118.04596384599972,1.5532363663947333
100,0.1,1.0,6,zero,static,True,100.0,6.925067653666476,47,123.39272253800027,2.6253770752766017
100,0.1,1.0,6,zero,static,True,100.0,6.908391116205598,76,124.59895929100003,1.639459990671053
100,0.1,1.0,6,zero,static,True,100.0,6.908391116205598,76,120.517077298,1.5857510170789475
100,0.1,1.0,6,zero,static,True,100.0,6.9499869058550745,92,162.16936629199972,1.76271050317391
100,0.1,1.0,6,zero,static,True,100.0,6.9499869058550745,92,162.72669208800016,1.7687683922608712
100,0.1,1.0,6,zero,static,True,100.0,6.949999999999999,56,104.81666424000014,1.8717261471428597
100,0.1,1.0,6,zero,static,True,100.0,6.9499869058550745,92,170.94557078700018,1.8581040302934801
100,0.1,1.0,6,random_same,static,False,91.66666666666666,6.348344207528019,200,531.4986490149995,2.6574932450749973
100,0.1,1.0,6,zero,static,True,100.0,6.9499869058550745,92,174.1979461130004,1.8934559360108738
100,0.1,1.0,6,zero,static,True,100.0,6.9499869058550745,92,171.19921811099994,1.8608610664239122
100,0.1,1.0,6,zero,static,False,66.66666666666667,4.633333333333334,200,411.7120487840002,2.058560243920001
100,0.1,1.0,6,zero,static,True,100.0,6.949999999999999,56,108.27022387800025,1.9333968549642901
100,0.1,1.0,6,zero,static,False,66.66666666666667,4.633333333333334,200,411.437822033,2.057189110165
100,0.1,1.0,6,zero,static,False,66.66666666666667,4.633333333333334,200,419.9419927449999,2.099709963724999
100,0.1,1.0,6,zero,static,True,100.0,6.894833639538469,156,361.77754219599956,2.319086808948715
100,0.1,1.0,6,zero,static,True,100.0,6.949999999999999,56,108.00533650999932,1.9286667233928452
100,0.1,1.0,6,zero,static,True,100.0,6.908391116205598,76,137.1468954060001,1.8045644132368437
100,0.1,1.0,6,zero,static,False,58.33333333333333,4.005238721652004,200,464.68868740000016,2.3234434370000008
100,0.1,1.0,6,zero,static,True,100.0,6.949999999999999,56,113.17792418699992,2.0210343604821412
100,0.1,1.0,6,zero,static,False,58.33333333333333,4.005238721652004,200,463.2934273000001,2.3164671365000005
100,0.1,1.0,6,zero,static,False,58.33333333333333,4.005238721652004,200,465.29549480700007,2.3264774740350003
100,0.1,1.0,6,zero,static,False,58.33333333333333,4.005238721652004,200,481.52761255899986,2.4076380627949994
100,0.1,1.0,6,zero,static,False,58.33333333333333,4.005238721652004,200,478.62568900299993,2.393128445015
100,0.1,1.0,6,zero,static,False,58.33333333333333,4.005238721652004,200,485.6487517730002,2.4282437588650008
100,0.1,1.0,6,zero,static,False,58.33333333333333,4.005238721652004,200,482.81784718900053,2.414089235945003
100,0.1,1.0,6,zero,static,False,58.33333333333333,4.005238721652004,200,480.7080743959996,2.403540371979998
100,0.1,1.0,6,zero,static,False,58.33333333333333,4.005238721652004,200,469.4671415769999,2.3473357078849997
100,0.1,1.0,6,zero,static,False,58.33333333333333,4.005238721652004,200,470.3770755360001,2.3518853776800004
100,0.1,1.0,6,zero,static,False,58.33333333333333,4.005238721652004,200,472.19975760499983,2.360998788024999
100,0.1,1.0,6,zero,static,False,58.33333333333333,4.005238721652004,200,478.96490131300015,2.394824506565001
100,0.1,1.0,6,zero,static,False,58.33333333333333,4.005238721652004,200,489.1374119559996,2.445687059779998
100,0.1,1.0,6,zero,static,False,91.66666666666666,6.220911041670084,200,293.31924944300044,1.4665962472150023
100,0.1,1.0,6,zero,static,False,58.33333333333333,4.005238721652004,200,487.3458391240001,2.436729195620001
100,0.1,1.0,6,zero,static,False,58.33333333333333,4.005238721652004,200,475.8295084040001,2.3791475420200006
100,0.1,1.0,6,zero,static,False,91.66666666666666,6.370799318480037,200,361.00715510899954,1.8050357755449977
100,0.1,1.0,6,zero,static,False,58.33333333333333,4.005238721652004,200,484.76201973000025,2.423810098650001
100,0.1,1.0,6,zero,static,False,58.33333333333333,4.005238721652004,200,485.4994921939997,2.4274974609699984
100,0.1,1.0,6,zero,static,False,58.33333333333333,4.005238721652004,200,492.91379894000056,2.4645689947000027
100,0.1,1.0,6,zero,static,False,91.66666666666666,6.370799318480037,200,360.88919573100065,1.8044459786550033
100,0.1,1.0,6,zero,static,False,58.33333333333333,4.005238721652004,200,500.4408534459999,2.5022042672299993
100,0.1,1.0,6,zero,static,False,83.33333333333334,5.728591173203067,200,399.74461316,1.9987230658
100,0.1,1.0,6,zero,static,False,83.33333333333334,5.728591173203067,200,392.32497315399996,1.9616248657699997
100,0.1,1.0,6,zero,static,False,91.66666666666666,6.370799318480037,200,372.244632936,1.8612231646800002
100,0.1,1.0,6,accelerate,static,True,100.0,6.944189045542515,75,135.59370647600008,1.8079160863466677
100,0.1,1.0,6,zero,static,False,83.33333333333334,5.728591173203067,200,402.44473079099953,2.012223653954998
100,0.1,1.0,6,accelerate,static,True,100.0,6.944189045542515,75,134.38083908000044,1.7917445210666725
100,0.1,1.0,6,accelerate,static,True,100.0,6.944189045542515,75,132.28506218700022,1.763800829160003
100,0.1,1.0,6,accelerate,static,True,100.0,6.944189045542515,75,140.6926116729992,1.8759014889733225
100,0.1,1.0,6,accelerate,static,True,100.0,6.944189045542515,75,137.24933603299996,1.829991147106666
100,0.1,1.0,6,zero,static,False,83.33333333333334,5.791666666666667,200,499.54507122999985,2.4977253561499992
100,0.1,1.0,6,accelerate,static,True,100.0,6.944189045542515,75,140.83275933799996,1.877770124506666
100,0.1,1.0,6,accelerate,static,True,100.0,6.944549717356634,81,125.43436006200045,1.54857234644445
100,0.1,1.0,6,accelerate,static,True,100.0,6.950000000000001,72,141.1599622140002,1.9605550307500026
100,0.1,1.0,6,accelerate,static,True,100.0,6.944189045542515,75,139.0742607100001,1.8543234761333345
100,0.1,1.0,6,accelerate,static,True,100.0,6.944189045542515,75,139.93451919200015,1.8657935892266686
100,0.1,1.0,6,accelerate,static,True,100.0,6.944189045542515,75,143.0904215319997,1.9078722870933296
100,0.1,1.0,6,zero,static,False,83.33333333333334,5.791666666666667,200,515.8485121719996,2.579242560859998
100,0.1,1.0,6,zero,static,False,83.33333333333334,5.791666666666667,200,516.5948194849998,2.582974097424999
100,0.1,1.0,6,accelerate,static,True,100.0,6.944189045542515,75,141.4360242369994,1.8858136564933254
100,0.1,1.0,6,accelerate,static,True,100.0,6.944549717356634,81,129.530623656,1.5991435019259257
100,0.1,1.0,6,accelerate,static,True,100.0,6.944189045542515,75,151.1242430100001,2.0149899068000012
100,0.1,1.0,6,zero,static,False,83.33333333333334,5.791666666666667,200,519.1026256790001,2.5955131283950004
100,0.1,1.0,6,zero,static,False,83.33333333333334,5.791666666666667,200,528.8673657110003,2.6443368285550015
100,0.1,1.0,6,zero,static,False,82.36591204608149,5.231080627685229,200,299.032372185,1.495161860925
100,0.1,1.0,6,zero,static,False,82.36591204608149,5.231080627685229,200,286.6843860839999,1.4334219304199995
100,0.1,1.0,6,accelerate,static,True,100.0,6.944189045542515,75,142.41937243899974,1.8989249658533298
100,0.1,1.0,6,accelerate,static,True,100.0,6.944549717356634,81,128.0564617680002,1.5809439724444467
100,0.1,1.0,6,zero,static,False,82.36591204608149,5.231080627685229,200,302.8980032139998,1.514490016069999
100,0.1,1.0,6,zero,static,False,82.36591204608149,5.231080627685229,200,306.5960698480003,1.5329803492400016
100,0.1,1.0,6,zero,static,False,82.36591204608149,5.231080627685229,200,313.1586764089998,1.565793382044999
100,0.1,1.0,6,zero,static,False,82.36591204608149,5.231080627685229,200,303.0117192379994,1.515058596189997
100,0.1,1.0,6,accelerate,static,True,100.0,6.949314811409629,102,161.91615435099993,1.5874132779509798
100,0.1,1.0,6,accelerate,static,True,100.0,6.949314811409629,102,167.72817840900007,1.644393905970589
100,0.1,1.0,6,accelerate,static,True,100.0,6.949314811409629,102,162.09963798600074,1.5892121371176544
100,0.1,1.0,6,accelerate,static,True,100.0,6.95,74,146.7876231069995,1.983616528472966
100,0.1,1.0,6,accelerate,static,True,100.0,6.919160620877553,64,142.91126378900026,2.232988496703129
100,0.1,1.0,6,zero,static,False,82.36591204608149,5.231080627685229,200,323.6704555490005,1.6183522777450026
100,0.1,1.0,6,accelerate,static,True,100.0,6.933596817444351,86,161.60636133699973,1.879143736476741
100,0.1,1.0,6,accelerate,static,True,100.0,6.95,74,147.7651807909997,1.996826767445942
100,0.1,1.0,6,zero,static,False,91.66666666666666,6.370799318480037,200,404.6256756399998,2.023128378199999
100,0.1,1.0,6,accelerate,static,True,100.0,6.95,74,149.51165523999953,2.020427773513507
100,0.1,1.0,6,accelerate,static,True,100.0,6.95,74,154.72260575400014,2.0908460237027047
100,0.1,1.0,6,accelerate,static,True,100.0,6.933596817444351,86,167.85910769200018,1.9518500894418624
100,0.1,1.0,6,accelerate,static,True,100.0,6.95,74,163.7449824180003,2.2127700326756794
100,0.1,1.0,6,accelerate,static,True,100.0,6.949999999999999,49,95.19671721399936,1.9427901472244768
100,0.1,1.0,6,accelerate,static,True,100.0,6.944739520961825,119,183.19333563100008,1.5394397952184882
100,0.1,1.0,6,accelerate,static,True,100.0,6.933596817444351,86,165.57638650699937,1.92530681984883
100,0.1,1.0,6,accelerate,static,True,100.0,6.9473657037697985,146,295.62349031900067,2.0248184268424705
100,0.1,1.0,6,accelerate,static,True,100.0,6.9473657037697985,146,298.4453042309997,2.0441459193904086
100,0.1,1.0,6,accelerate,static,True,100.0,6.944739520961825,119,188.5722527049993,1.5846407790336077
100,0.1,1.0,6,accelerate,static,True,100.0,6.9473657037697985,146,286.0846852759996,1.9594841457260248
100,0.1,1.0,6,accelerate,static,True,100.0,6.9473657037697985,146,301.81870061799964,2.0672513740958878
100,0.1,1.0,6,accelerate,static,True,100.0,6.949999999999999,49,98.52287676299966,2.010670954346932
100,0.1,1.0,6,accelerate,static,True,100.0,6.9473657037697985,146,309.8774679150001,2.1224484103767134
100,0.1,1.0,6,accelerate,static,True,100.0,6.944739520961825,119,181.92741376600043,1.5288017963529448
100,0.1,1.0,6,accelerate,static,True,100.0,6.949999999999999,49,102.39097190899975,2.0896116716122397
100,0.1,1.0,6,accelerate,static,True,100.0,6.944739520961825,119,183.08769029000086,1.5385520192437048
100,0.1,1.0,6,accelerate,static,True,100.0,6.944739520961825,119,184.89293351299966,1.5537221303613418
100,0.1,1.0,6,accelerate,static,True,100.0,6.944739520961825,119,195.66817898699992,1.6442704116554616
100,0.1,1.0,6,accelerate,static,True,100.0,6.948676150956139,59,135.83579755200026,2.3023016534237333
100,0.1,1.0,6,accelerate,static,True,100.0,6.949999999999999,49,104.44126935299937,2.131454476591824
100,0.1,1.0,6,accelerate,static,True,100.0,6.9473657037697985,146,302.102971796,2.0691984369589043
100,0.1,1.0,6,accelerate,static,True,100.0,6.944549717356634,81,139.2663259410001,1.7193373572962976
100,0.1,1.0,6,accelerate,static,True,100.0,6.9473657037697985,146,321.58392109099987,2.2026295965136975
100,0.1,1.0,6,accelerate,static,True,100.0,6.949999999999999,49,102.8341856699999,2.0986568504081613
100,0.1,1.0,6,accelerate,static,True,100.0,6.9473657037697985,146,309.6829286399998,2.1211159495890395
100,0.1,1.0,6,accelerate,static,True,100.0,6.9473657037697985,146,317.8435408540008,2.1770105537945263
100,0.1,1.0,6,accelerate,static,True,100.0,6.944739520961825,119,198.3505745450002,1.666811550798321
100,0.1,1.0,6,accelerate,static,True,100.0,6.9473657037697985,146,308.21356684199964,2.111051827684929
100,0.1,1.0,6,accelerate,static,True,100.0,6.9473657037697985,146,314.7849253610002,2.1560611326095906
100,0.1,1.0,6,accelerate,static,True,100.0,6.948676150956139,59,149.4203492050001,2.532548291610171
100,0.1,1.0,6,accelerate,static,True,100.0,6.948676150956139,59,141.3690061389998,2.3960848498135556
100,0.1,1.0,6,accelerate,static,True,100.0,6.906833548683967,69,143.81252155499988,2.0842394428260853
100,0.1,1.0,6,accelerate,static,True,100.0,6.906833548683967,69,145.45632500899956,2.108062681289849
100,0.1,1.0,6,accelerate,static,True,100.0,6.9473657037697985,146,321.2835959869999,2.2005725752534238
100,0.1,1.0,6,accelerate,static,True,100.0,6.9221347775277176,110,188.9513574399998,1.7177396130909073
100,0.1,1.0,6,accelerate,static,True,100.0,6.93277571115627,77,165.40875219200007,2.1481656128831177
100,0.1,1.0,6,accelerate,static,True,100.0,6.93277571115627,77,156.92371375899984,2.0379703085584393
100,0.1,1.0,6,accelerate,static,True,100.0,6.93277571115627,77,166.34186106200013,2.1602839098961057
100,0.1,1.0,6,accelerate,static,True,100.0,6.906833548683967,69,147.4274279400006,2.1366293904347913
100,0.1,1.0,6,accelerate,static,True,100.0,6.906833548683967,69,149.1390494590005,2.1614354994058043
100,0.1,1.0,6,accelerate,static,True,100.0,6.93277571115627,77,168.40321151399985,2.187054694987011
100,0.1,1.0,6,accelerate,static,True,100.0,6.93277571115627,77,174.04603189200043,2.2603380765194863
100,0.1,1.0,6,accelerate,static,True,100.0,6.906833548683967,69,154.88729525100007,2.2447434094347836
100,0.1,1.0,6,accelerate,static,True,100.0,6.950000000000001,184,305.69230544699985,1.661371225255434
100,0.1,1.0,6,accelerate,static,True,100.0,6.906833548683967,69,164.32572253699982,2.381532210681157
100,0.1,1.0,6,accelerate,static,True,100.0,6.9221347775277176,110,185.31453253900054,1.6846775685363686
100,0.1,1.0,6,accelerate,static,True,100.0,6.9221347775277176,110,177.52174195600037,1.6138340177818216
100,0.1,1.0,6,accelerate,static,True,100.0,6.93277571115627,77,155.31817545600006,2.0171191617662347
100,0.1,1.0,6,accelerate,static,True,100.0,6.93277571115627,77,169.12791902700064,2.1964664808701384
100,0.1,1.0,6,accelerate,static,True,100.0,6.933596817444351,86,173.8830232069995,2.021895618686041
100,0.1,1.0,6,accelerate,static,True,100.0,6.906833548683967,69,145.93676195700027,2.1150255356086998
100,0.1,1.0,6,accelerate,static,True,100.0,6.9221347775277176,110,180.3748107600004,1.6397710069090945
100,0.1,1.0,6,accelerate,static,True,100.0,6.93277571115627,77,163.73709915200016,2.126455833142859
100,0.1,1.0,6,accelerate,static,True,100.0,6.93277571115627,77,164.293465148,2.1336813655584415
100,0.1,1.0,6,accelerate,static,True,100.0,6.93277571115627,77,151.58581412500007,1.9686469366883126
100,0.1,1.0,6,accelerate,static,True,100.0,6.9221347775277176,110,175.32942219699999,1.5939038381545454
100,0.1,1.0,6,accelerate,static,True,100.0,6.93277571115627,77,152.79252698999971,1.9843185323376586
100,0.1,1.0,6,accelerate,static,True,100.0,6.95,60,94.86848799699965,1.5811414666166608
100,0.1,1.0,6,accelerate,static,True,100.0,6.949999999999999,58,128.05109590399934,2.2077775155861956
100,0.1,1.0,6,accelerate,static,True,100.0,6.949999999999999,58,119.91536269700009,2.0675062533965534
100,0.1,1.0,6,accelerate,static,True,100.0,6.950000000000001,47,75.76880365099987,1.6121022053404228
100,0.1,1.0,6,accelerate,static,True,100.0,6.93277571115627,77,125.53451944500011,1.630318434350651
100,0.1,1.0,6,accelerate,static,True,100.0,6.950000000000002,64,116.16535631099941,1.8150836923593658
100,0.1,1.0,6,accelerate,static,True,100.0,6.950000000000002,64,112.92322086700005,1.7644253260468759
100,0.1,1.0,6,accelerate,static,True,100.0,6.949999999999999,58,106.14468611099983,1.8300807950172384
100,0.1,1.0,6,accelerate,static,True,100.0,6.950000000000002,64,114.64425287100039,1.791316451109381
100,0.1,1.0,6,accelerate,static,True,100.0,6.950000000000002,64,104.44944913299969,1.6320226427031201
100,0.1,1.0,6,accelerate,static,True,100.0,6.950000000000002,64,100.29520727800082,1.5671126137187628
100,0.1,1.0,6,accelerate,static,True,100.0,6.949999999999999,58,105.06999371800066,1.8115516158275975
100,0.1,1.0,6,accelerate,static,True,100.0,6.949999999999999,58,98.41010247400027,1.6967259047241425
100,0.1,1.0,6,accelerate,static,False,91.66666666666666,6.351785797072923,200,435.01933665399974,2.1750966832699987
100,0.1,1.0,6,accelerate,static,False,91.66666666666666,6.351785797072923,200,429.19207613900016,2.145960380695001
100,0.1,1.0,6,accelerate,static,False,91.66666666666666,6.351785797072923,200,436.17157869399944,2.180857893469997
100,0.1,1.0,6,accelerate,static,False,91.66666666666666,6.370833333333333,200,281.8636504449996,1.409318252224998
100,0.1,1.0,6,accelerate,static,False,91.66666666666666,6.370833333333333,200,235.19687592100036,1.1759843796050018
100,0.1,1.0,6,accelerate,static,False,91.66666666666666,6.370833333333333,200,208.87761916199997,1.0443880958099998
