LI,EF,DF,HL,rollout_method,hertg_method,done,percent_done,cumulative_reward,num_actions,computation_time,computation_per_action,trial_config
100,0.1,1.0,6,random,static,True,100.0,6.950000000000001,41,86.02897862400005,2.098267771317074,trial_14
100,0.1,1.0,6,random,static,True,100.0,6.949999999999999,44,96.90590131900001,2.2024068481590913,trial_51
100,0.1,1.0,6,random,static,True,100.0,6.846513178844505,51,127.04350464600003,2.491049110705883,trial_55
100,0.1,1.0,6,random,static,True,100.0,6.95,53,129.77543156899992,2.4485930484716967,trial_16
100,0.1,1.0,6,random,static,True,100.0,6.949999999999998,52,132.48592889000003,2.5478063248076928,trial_9
100,0.1,1.0,6,random,static,True,100.0,6.949998914971228,77,144.163678252,1.8722555617142858,trial_52
100,0.1,1.0,6,random,static,True,100.0,6.949059453698583,74,157.76686461800006,2.1319846570000007,trial_95
100,0.1,1.0,6,random,static,True,100.0,6.947147645268712,73,160.976733298,2.205160730109589,trial_50
100,0.1,1.0,6,random,static,True,100.0,6.945802191707538,82,176.995296801,2.1584792292804877,trial_45
100,0.1,1.0,6,random,static,True,100.0,6.924688189485987,95,182.988714984,1.926196999831579,trial_22
100,0.1,1.0,6,random,static,True,100.0,6.946688715582798,104,187.89181075599993,1.8066520264999992,trial_0
100,0.1,1.0,6,random,static,True,100.0,6.949999999999999,89,190.63952554600007,2.142017140966293,trial_24
100,0.1,1.0,6,random,static,True,100.0,6.814761246907201,98,197.153237069,2.0117677251938777,trial_25
100,0.1,1.0,6,random,static,True,100.0,6.940287877371643,107,198.11840461800006,1.85157387493458,trial_41
100,0.1,1.0,6,random,static,True,100.0,6.91753353065703,93,198.91216854900006,2.138840522032259,trial_74
100,0.1,1.0,6,random,static,True,100.0,6.925908809095974,90,202.35335536699995,2.2483706151888883,trial_2
100,0.1,1.0,6,random,static,True,100.0,6.929466387017894,159,228.911225096,1.4396932395974844,trial_3
100,0.1,1.0,6,random,static,True,100.0,6.95,64,139.72406400900002,2.1831885001406253,trial_92
100,0.1,1.0,6,random,static,True,100.0,6.940658362497037,140,252.50966645200003,1.803640474657143,trial_1
100,0.1,1.0,6,random,static,True,100.0,6.923489119060357,64,129.98325243099998,2.0309883192343747,trial_7
100,0.1,1.0,6,random,static,True,100.0,6.924747609041228,71,133.10582139899998,1.8747298788591547,trial_42
100,0.1,1.0,6,random,static,True,100.0,6.949999999999998,54,149.81733687100007,2.774395127240742,trial_72
100,0.1,1.0,6,random,static,False,50.0,3.4673266476001428,200,325.63396696000007,1.6281698348000004,trial_54
100,0.1,1.0,6,random,static,True,100.0,6.840012775621166,82,150.81452738200005,1.839201553439025,trial_63
100,0.1,1.0,6,random,static,True,100.0,6.939785920931367,135,340.871702478,2.524975573911111,trial_18
100,0.1,1.0,6,random,static,True,100.0,6.891786785012795,51,113.79741392300002,2.2313218416274516,trial_98
100,0.1,1.0,6,random,static,True,100.0,6.949999999999999,69,145.53568451899991,2.1092128191159407,trial_13
100,0.1,1.0,6,random,static,True,100.0,6.911432667567693,66,161.81913740100003,2.451805112136364,trial_93
100,0.1,1.0,6,random,static,False,83.33333333333334,5.70240301171402,200,354.217244824,1.7710862241199998,trial_46
100,0.1,1.0,6,random,static,True,100.0,6.949900955810791,39,98.76144575500007,2.53234476294872,trial_39
100,0.1,1.0,6,random,static,True,100.0,6.950000000000001,66,176.518575253,2.6745238674696967,trial_59
100,0.1,1.0,6,random,static,True,100.0,6.949999999999999,54,131.32952273,2.432028198703704,trial_53
100,0.1,1.0,6,random,static,True,100.0,6.908646845687734,110,201.801274561,1.8345570414636365,trial_85
100,0.1,1.0,6,random,static,True,100.0,6.9155551497868215,98,222.04251569899998,2.265739956112245,trial_34
100,0.1,1.0,6,random,static,True,100.0,6.95,103,193.53952760099992,1.8790245398155332,trial_77
100,0.1,1.0,6,random,static,True,100.0,6.841034631186349,85,136.314918927,1.6037049285529412,trial_67
100,0.1,1.0,6,random,static,True,100.0,6.9329822670315675,108,198.2144310650001,1.8353188061574084,trial_76
100,0.1,1.0,6,random,static,False,91.66666666666666,6.365740065141762,200,261.62220351999997,1.3081110176,trial_23
100,0.1,1.0,6,random,static,False,83.33333333333334,5.791666666666665,200,428.199237938,2.14099618969,trial_43
100,0.1,1.0,6,random,static,True,100.0,6.950000000000001,74,170.40527369100005,2.302773968797298,trial_97
100,0.1,1.0,6,random,static,True,100.0,6.949999999999999,54,112.34956792699995,2.0805475542037026,trial_68
100,0.1,1.0,6,random,static,False,58.33333333333333,4.054166666666666,200,476.643895899,2.3832194794949997,trial_6
100,0.1,1.0,6,random,static,True,100.0,6.941248226128554,75,138.417201654,1.8455626887199998,trial_28
100,0.1,1.0,6,random,static,True,100.0,6.9499999997453665,63,144.89838833800002,2.2999744180634925,trial_64
100,0.1,1.0,6,random,static,True,100.0,6.95,69,145.518459312,2.1089631784347826,trial_83
100,0.1,1.0,6,random,static,True,100.0,6.947825543570209,39,87.26884292800003,2.237662639179488,trial_37
100,0.1,1.0,6,random,static,True,100.0,6.945469324041129,74,136.2098576589999,1.8406737521486474,trial_80
100,0.1,1.0,6,random,static,False,91.66666666666666,6.207314387900232,200,545.187301711,2.7259365085550002,trial_60
100,0.1,1.0,6,random,static,True,100.0,6.757071202996672,69,167.27159041900006,2.42422594810145,trial_27
100,0.1,1.0,6,random,static,True,100.0,6.949999999999999,94,201.687583238,2.145612587638298,trial_84
100,0.1,1.0,6,random,static,False,91.66666666666666,6.336851842734095,200,554.3078125090001,2.7715390625450005,trial_81
100,0.1,1.0,6,random,static,False,75.0,4.957792705174119,200,554.7741791359999,2.7738708956799996,trial_86
100,0.1,1.0,6,random,static,True,100.0,6.95,100,187.55423929000006,1.8755423929000006,trial_8
100,0.1,1.0,6,random,static,True,100.0,6.934036042009627,89,224.02567228300006,2.517142385202248,trial_10
100,0.1,1.0,6,random,static,True,100.0,6.949868932346959,84,176.8962614950001,2.105907874940477,trial_36
100,0.1,1.0,6,random,static,False,83.33333333333334,5.791656198617004,200,420.0760240809999,2.1003801204049997,trial_20
100,0.1,1.0,6,random,static,True,100.0,6.95,85,201.09403147700004,2.3658121350235297,trial_12
100,0.1,1.0,6,random,static,False,75.0,5.125417821044881,200,581.791000807,2.908955004035,trial_79
100,0.1,1.0,6,random,static,True,100.0,6.943714010016486,84,228.9665760029999,2.7257925714642846,trial_91
100,0.1,1.0,6,random,static,True,100.0,6.95,72,149.19986927399998,2.072220406583333,trial_75
100,0.1,1.0,6,random,static,False,91.66666666666666,6.370833333333334,200,428.9299837819999,2.1446499189099995,trial_44
100,0.1,1.0,6,random,static,False,75.0,5.212499915823631,200,638.033161059,3.190165805295,trial_35
100,0.1,1.0,6,random,static,False,58.33333333333333,4.053848154533325,200,638.862126257,3.194310631285,trial_56
100,0.1,1.0,6,random,static,True,100.0,6.95,99,188.00292856099998,1.8990194804141411,trial_31
100,0.1,1.0,6,random,static,False,75.0,5.21237493136683,200,650.460940224,3.25230470112,trial_4
100,0.1,1.0,6,random,static,True,100.0,6.949999999999999,74,143.24031711299995,1.9356799609864859,trial_19
100,0.1,1.0,6,random,static,False,91.66666666666666,6.370502741362124,200,672.543401619,3.3627170080949997,trial_78
100,0.1,1.0,6,random,static,True,100.0,6.949999999999999,55,115.86592502799999,2.1066531823272725,trial_17
100,0.1,1.0,6,random,static,False,91.66666666666666,6.3708333333333345,200,601.399824633,3.006999123165,trial_40
100,0.1,1.0,6,random,static,True,100.0,6.95,79,178.42670152699986,2.2585658421139225,trial_90
100,0.1,1.0,6,random,static,False,91.66666666666666,6.336823785289521,200,474.95152599000005,2.3747576299500004,trial_69
100,0.1,1.0,6,random,static,True,100.0,6.949976334351486,94,187.4843734939999,1.9945146116382968,trial_62
100,0.1,1.0,6,random,static,True,100.0,6.88257383312459,54,156.231415299,2.893174357388889,trial_70
100,0.1,1.0,6,random,static,True,100.0,6.949999999999999,74,158.82199082399984,2.146243119243241,trial_21
100,0.1,1.0,6,random,static,False,75.0,5.2125,200,746.5339984549998,3.732669992274999,trial_48
100,0.1,1.0,6,random,static,True,100.0,6.950000000000001,125,202.4881777810001,1.619905422248001,trial_94
100,0.1,1.0,6,random,static,False,58.33333333333333,4.035250210906522,200,444.1583730300001,2.2207918651500007,trial_73
100,0.1,1.0,6,random,static,True,100.0,6.9351486029515526,61,117.30850547099999,1.9230902536229506,trial_26
100,0.1,1.0,6,random,static,True,100.0,6.949999999999999,85,171.15414964499996,2.0135782311176467,trial_65
100,0.1,1.0,6,random,static,False,91.66666666666666,6.3708333333333345,200,309.1005791509999,1.5455028957549997,trial_32
100,0.1,1.0,6,random,static,True,100.0,6.9376012811458025,131,175.51769542399984,1.3398297360610674,trial_30
100,0.1,1.0,6,random,static,True,100.0,6.947908350718629,81,165.107617096,2.038365643160494,trial_15
100,0.1,1.0,6,random,static,True,100.0,6.9494153358596025,74,181.5345382349999,2.453169435608107,trial_87
100,0.1,1.0,6,same,static,True,100.0,6.949999999999999,82,144.96423993899998,1.767856584621951,trial_45
100,0.1,1.0,6,random,static,True,100.0,6.949965641405932,64,157.69471549700006,2.463979929640626,trial_82
100,0.1,1.0,6,random,static,False,91.66666666666666,6.368336861964995,200,353.2424034039999,1.7662120170199995,trial_71
100,0.1,1.0,6,same,static,True,100.0,6.763042087073855,49,115.82745964499986,2.3638257070408137,trial_60
100,0.1,1.0,6,random,static,False,66.66666666666667,4.519611550629004,200,286.8119879189999,1.4340599395949993,trial_58
100,0.1,1.0,6,random,static,True,100.0,6.948469843657991,84,185.192880802,2.204677152404762,trial_61
100,0.1,1.0,6,same,static,True,100.0,6.949999999999999,57,112.72894887899997,1.9777008575263153,trial_16
100,0.1,1.0,6,random,static,True,100.0,6.933312149537031,75,238.10239059699984,3.1746985412933313,trial_96
100,0.1,1.0,6,random,static,False,98.88691634815143,6.443035479208806,200,335.317562255,1.676587811275,trial_11
100,0.1,1.0,6,random,static,False,83.33333333333334,5.791666666666667,200,553.5255427800001,2.7676277139000005,trial_38
100,0.1,1.0,6,same,static,True,100.0,6.948591189697438,63,171.30270594400008,2.719090570539684,trial_51
100,0.1,1.0,6,same,static,True,100.0,6.943750180148389,64,154.02857026900006,2.406696410453126,trial_48
100,0.1,1.0,6,random,static,True,100.0,6.92471265683184,181,370.687644086,2.0479980336243093,trial_57
100,0.1,1.0,6,random,static,True,100.0,6.948047315587466,181,453.4378437859999,2.505181457381215,trial_33
100,0.1,1.0,6,same,static,True,100.0,6.8740012034507005,87,164.37345946200003,1.889350108758621,trial_74
100,0.1,1.0,6,random,static,False,83.33333333333334,5.791666666666667,200,468.1001330119999,2.3405006650599995,trial_47
100,0.1,1.0,6,same,static,True,100.0,6.842998650902604,127,223.18462666899995,1.7573592651102359,trial_46
100,0.1,1.0,6,same,static,True,100.0,6.947192512937969,85,149.541317683,1.7593096197999998,trial_25
100,0.1,1.0,6,random,static,False,91.66666666666666,6.370833333333332,200,384.81879442000013,1.9240939721000005,trial_89
100,0.1,1.0,6,same,static,True,100.0,6.937446232623112,92,188.66178426800002,2.050671568130435,trial_6
100,0.1,1.0,6,same,static,True,100.0,6.931033831331315,60,139.28063031800002,2.3213438386333336,trial_43
100,0.1,1.0,6,same,static,True,100.0,6.916313405533876,85,140.15729186700014,1.6489093160823547,trial_52
100,0.1,1.0,6,same,static,True,100.0,6.949860719572044,92,151.9875838170001,1.6520389545326097,trial_81
100,0.1,1.0,6,random,static,False,91.66666666666666,6.370833333333331,200,441.1301991009999,2.2056509955049997,trial_66
100,0.1,1.0,6,same,static,True,100.0,6.949999999999999,69,154.5826638399999,2.240328461449274,trial_22
100,0.1,1.0,6,random,static,True,100.0,6.914076773071644,189,382.1576367089999,2.0219980778253963,trial_99
100,0.1,1.0,6,random,static,False,83.33333333333334,5.647664935233301,200,620.3849538200001,3.1019247691000005,trial_29
100,0.1,1.0,6,same,static,True,100.0,6.944102300630521,63,189.8880761639998,3.014096447047616,trial_78
100,0.1,1.0,6,same,static,True,100.0,6.915697223308161,84,217.4879012010001,2.589141680964287,trial_4
100,0.1,1.0,6,same,static,True,100.0,6.936656331209502,145,279.98491408400014,1.9309304419586217,trial_41
100,0.1,1.0,6,same,static,True,100.0,6.949999999999999,109,210.37220136199994,1.9300201959816508,trial_24
100,0.1,1.0,6,same,static,True,100.0,6.949524832513113,116,213.88109103199986,1.8438025088965504,trial_0
100,0.1,1.0,6,same,static,True,100.0,6.945034810177695,51,128.69149021499993,2.523362553235293,trial_14
100,0.1,1.0,6,same,static,True,100.0,6.9019788388182075,128,292.3738307780002,2.2841705529531264,trial_3
100,0.1,1.0,6,same,static,True,100.0,6.949871448640379,95,171.51936953599989,1.8054670477473673,trial_1
100,0.1,1.0,6,same,static,True,100.0,6.924063422588982,148,217.1529515279999,1.4672496724864859,trial_56
100,0.1,1.0,6,same,static,True,100.0,6.935785383375711,109,186.47176004999983,1.7107500922018333,trial_54
100,0.1,1.0,6,same,static,True,100.0,6.949868953913779,67,169.923322955,2.5361689993283583,trial_50
100,0.1,1.0,6,random,static,False,91.66666666666666,6.339584793131943,200,479.49359483600006,2.3974679741800005,trial_5
100,0.1,1.0,6,same,static,True,100.0,6.949457361382455,58,166.64593866400014,2.873205839034485,trial_55
100,0.1,1.0,6,same,static,True,100.0,6.9459581946464715,85,196.74702271500018,2.3146708554705904,trial_35
100,0.1,1.0,6,same,static,True,100.0,6.95,77,164.84833421300004,2.1408874573116887,trial_18
100,0.1,1.0,6,random,static,False,83.33333333333334,5.791179808401392,200,696.6329090140001,3.4831645450700006,trial_49
100,0.1,1.0,6,same,static,True,100.0,6.9499999999999975,70,142.7281588799999,2.038973698285713,trial_92
100,0.1,1.0,6,same,static,True,100.0,6.949136996149976,81,134.5269352800001,1.6608263614814827,trial_23
100,0.1,1.0,6,same,static,True,100.0,6.932553081445551,64,141.41894725199995,2.2096710508124993,trial_7
100,0.1,1.0,6,same,static,True,100.0,6.950000000000001,64,142.23710972899994,2.222454839515624,trial_72
100,0.1,1.0,6,same,static,True,100.0,6.95,33,68.08361951100005,2.0631399851818197,trial_39
100,0.1,1.0,6,same,static,True,100.0,6.95,91,184.65943328699996,2.0292245416153842,trial_9
100,0.1,1.0,6,same,static,True,100.0,6.913549847992598,130,265.54412857700004,2.0426471429000004,trial_79
100,0.1,1.0,6,same,static,True,100.0,6.950000000000001,65,150.59436500800007,2.3168363847384628,trial_20
100,0.1,1.0,6,same,static,True,100.0,6.95,107,214.48210617799987,2.004505665214952,trial_2
100,0.1,1.0,6,same,static,True,100.0,6.950000000000003,52,117.52145813399989,2.2600280410384594,trial_53
100,0.1,1.0,6,same,static,True,100.0,6.901990892997677,76,183.61279465100006,2.4159578243552637,trial_34
100,0.1,1.0,6,random,static,False,91.66666666666666,6.370833333333334,200,623.3117794570001,3.1165588972850005,trial_88
100,0.1,1.0,6,same,static,True,100.0,6.949979512552349,107,181.24583319900012,1.6938862915794404,trial_63
100,0.1,1.0,6,same,static,True,100.0,6.923508289202998,122,226.44870592199982,1.8561369337868838,trial_42
100,0.1,1.0,6,same,static,True,100.0,6.949994886608447,111,189.34909278199984,1.7058476827207194,trial_76
100,0.1,1.0,6,same,static,True,100.0,6.845278774602647,108,216.81968909900002,2.00758971387963,trial_85
100,0.1,1.0,6,same,static,True,100.0,6.943835500898924,48,105.94720243999996,2.2072333841666656,trial_83
100,0.1,1.0,6,same,static,True,100.0,6.950000000000002,60,149.80067438800006,2.4966779064666675,trial_10
100,0.1,1.0,6,same,static,True,100.0,6.945332407919277,78,172.7558606980001,2.214818726897437,trial_97
100,0.1,1.0,6,same,static,True,100.0,6.95,71,129.9177424300001,1.8298273581690154,trial_68
100,0.1,1.0,6,same,static,True,100.0,6.95,126,203.39894103099982,1.61427730976984,trial_67
100,0.1,1.0,6,same,static,True,100.0,6.949999999999999,61,134.96017322600005,2.212461856163935,trial_8
100,0.1,1.0,6,same,static,True,100.0,6.950000000000001,133,256.71822089400007,1.9302121871729327,trial_44
100,0.1,1.0,6,same,static,True,100.0,6.947009700630067,39,87.89214538700003,2.253644753512821,trial_37
100,0.1,1.0,6,same,static,True,100.0,6.95,60,138.87437450499988,2.3145729084166646,trial_12
100,0.1,1.0,6,same,static,True,100.0,6.9477221031728655,117,261.0597845090001,2.2312802094786335,trial_13
100,0.1,1.0,6,same,static,True,100.0,6.949999916421447,121,260.8500579690001,2.1557856030495874,trial_77
100,0.1,1.0,6,same,static,True,100.0,6.911995360570762,80,147.88180734900016,1.848522591862502,trial_36
100,0.1,1.0,6,same,static,True,100.0,6.949999999999999,42,106.07496958600018,2.5255945139523854,trial_80
100,0.1,1.0,6,same,static,True,100.0,6.949911928285629,67,164.65760501299997,2.45757619422388,trial_29
100,0.1,1.0,6,same,static,True,100.0,6.934470543310086,90,126.55743108399997,1.406193678711111,trial_31
100,0.1,1.0,6,same,static,False,91.66666666666666,6.311486600317647,200,391.55741412,1.9577870705999998,trial_95
100,0.1,1.0,6,same,static,True,100.0,6.943245199195596,57,141.51299674799998,2.482684153473684,trial_33
100,0.1,1.0,6,same,static,True,100.0,6.949999999999999,90,152.00536994599997,1.6889485549555552,trial_75
100,0.1,1.0,6,same,static,False,83.33333333333334,5.791666666666667,200,254.454673168,1.27227336584,trial_84
100,0.1,1.0,6,same,static,True,100.0,6.949999999999999,59,128.32101690199988,2.1749324898644047,trial_19
100,0.1,1.0,6,same,static,True,100.0,6.95,166,374.19936607900013,2.2542130486686753,trial_59
100,0.1,1.0,6,same,static,True,100.0,6.949999608669863,63,108.69633267100016,1.7253386138253994,trial_17
100,0.1,1.0,6,same,static,True,100.0,6.949999999999999,177,477.44108348400005,2.697407251322034,trial_40
100,0.1,1.0,6,same,static,True,100.0,6.906166270398233,69,152.33349915500003,2.207731871811595,trial_66
100,0.1,1.0,6,same,static,True,100.0,6.949341694143196,102,180.24403104199996,1.7670983435490193,trial_11
100,0.1,1.0,6,same,static,True,100.0,6.95,59,116.16565323200007,1.9689093768135604,trial_70
100,0.1,1.0,6,same,static,True,100.0,6.950000000000002,69,171.152614417,2.4804726727101447,trial_57
100,0.1,1.0,6,same,static,True,100.0,6.892384285946814,50,105.06210121100003,2.1012420242200007,trial_5
100,0.1,1.0,6,same,static,True,100.0,6.866695491526377,130,235.22109138199994,1.8093930106307687,trial_71
100,0.1,1.0,6,same,static,False,91.66666666666666,6.370833333333334,200,389.77490154099996,1.9488745077049998,trial_28
100,0.1,1.0,6,same,static,True,100.0,6.949280275491563,118,207.15104752700017,1.7555173519237304,trial_94
100,0.1,1.0,6,same,static,True,100.0,6.657591818775274,136,305.95477332899986,2.2496674509485284,trial_49
100,0.1,1.0,6,same,static,False,91.66666666666666,6.370833333333334,200,380.10071753700004,1.9005035876850003,trial_38
100,0.1,1.0,6,same,static,True,100.0,6.9486461488134905,109,212.1000902249998,1.9458723873853192,trial_62
100,0.1,1.0,6,same,static,True,100.0,6.905596949710238,43,108.79277579199993,2.530064553302324,trial_96
100,0.1,1.0,6,same,static,False,99.14682789658764,6.445634945632544,200,658.118421288,3.29059210644,trial_86
100,0.1,1.0,6,same,static,True,100.0,6.9499658113876865,144,402.6465877379999,2.7961568592916657,trial_64
100,0.1,1.0,6,same,static,True,100.0,6.949642437683494,86,201.52701727800013,2.343337410209304,trial_88
100,0.1,1.0,6,same,static,True,100.0,6.949777983574922,185,367.44093946499993,1.986167240351351,trial_91
100,0.1,1.0,6,same,static,True,100.0,6.950000000000001,126,287.39007884800003,2.280873641650794,trial_47
100,0.1,1.0,6,same,static,True,100.0,6.935724005427664,54,106.6814891680001,1.9755831327407425,trial_87
100,0.1,1.0,6,same,static,False,91.66666666666666,6.370833333333334,200,505.46833932699997,2.5273416966349997,trial_93
100,0.1,1.0,6,same,static,True,100.0,6.949999999999999,115,206.19028002999994,1.792958956782608,trial_89
100,0.1,1.0,6,same,static,True,100.0,6.949559488738373,89,159.04904317599994,1.7870679008539319,trial_65
100,0.1,1.0,6,same,static,True,100.0,6.939960940533718,117,253.5917339529999,2.1674507175470077,trial_90
100,0.1,1.0,6,same,static,False,91.66666666666666,6.370833333333334,200,518.3576275839998,2.591788137919999,trial_98
100,0.1,1.0,6,same,static,True,100.0,6.949376961784633,124,217.60556484300014,1.7548835874435496,trial_99
100,0.1,1.0,6,same,static,True,100.0,6.9408840214982135,77,142.02651867899976,1.8445002425844126,trial_26
100,0.1,1.0,6,same,static,True,100.0,6.949989709956959,110,202.3284388579998,1.8393494441636344,trial_30
100,0.1,1.0,6,same,static,True,100.0,6.829381267807097,144,306.40485475800006,2.1278114913750006,trial_58
100,0.1,1.0,6,same,static,True,100.0,6.949965122122119,152,347.67673434100016,2.2873469364539485,trial_32
100,0.1,1.0,6,same,static,False,91.66666666666666,6.3708333333333345,200,535.8472264640002,2.679236132320001,trial_69
100,0.1,1.0,6,random_same,static,True,100.0,6.948858175782149,48,128.04403627900024,2.6675840891458384,trial_60
100,0.1,1.0,6,same,static,True,100.0,6.950000000000003,89,165.65313522899987,1.8612711823483132,trial_15
100,0.1,1.0,6,random_same,static,True,100.0,6.949999999999998,56,129.0889935549999,2.3051605991964266,trial_16
100,0.1,1.0,6,random_same,static,True,100.0,6.950000000000001,46,95.15892938699972,2.0686723779782548,trial_43
100,0.1,1.0,6,random_same,static,True,100.0,6.948679288120941,61,152.85871674799978,2.5058806024262257,trial_51
100,0.1,1.0,6,same,static,True,100.0,6.949999999999998,105,199.6325389289998,1.9012622755142838,trial_61
100,0.1,1.0,6,random_same,static,True,100.0,6.94998280108465,96,174.9723846259999,1.8226290065208322,trial_46
100,0.1,1.0,6,random_same,static,True,100.0,6.949999999999998,88,144.61589142900016,1.6433624026022746,trial_81
100,0.1,1.0,6,random_same,static,True,100.0,6.947875777687688,56,149.71566411599997,2.673494002071428,trial_78
100,0.1,1.0,6,random_same,static,True,100.0,6.95,88,164.86308686199982,1.8734441688863617,trial_25
100,0.1,1.0,6,same,static,True,100.0,6.949999999999999,105,239.77205838999998,2.283543413238095,trial_82
100,0.1,1.0,6,random_same,static,True,100.0,6.95,99,188.3936023780002,1.9029656805858606,trial_0
100,0.1,1.0,6,random_same,static,True,100.0,6.95,83,203.19283073199995,2.448106394361445,trial_4
100,0.1,1.0,6,random_same,static,True,100.0,6.943346176295023,66,135.74974565699995,2.0568143281363627,trial_50
100,0.1,1.0,6,random_same,static,True,100.0,6.949999999999999,65,135.29046530000005,2.0813917738461547,trial_55
100,0.1,1.0,6,random_same,static,True,100.0,6.949236040796733,59,147.95077900499973,2.5076403221186396,trial_14
100,0.1,1.0,6,random_same,static,False,66.66666666666667,4.631989921775314,200,255.4860723710001,1.2774303618550005,trial_6
100,0.1,1.0,6,random_same,static,True,100.0,6.949999999999999,45,108.90698737100001,2.4201552749111115,trial_40
100,0.1,1.0,6,random_same,static,True,100.0,6.9499999999999975,83,183.49450216100013,2.2107771344698812,trial_79
100,0.1,1.0,6,random_same,static,True,100.0,6.949999999999998,54,140.670217373,2.6050040254259264,trial_9
100,0.1,1.0,6,same,static,False,83.33333333333334,5.784184473516953,200,647.6547825569999,3.238273912784999,trial_27
100,0.1,1.0,6,random_same,static,False,75.0,5.212499206234506,200,314.67105826500006,1.5733552913250002,trial_41
100,0.1,1.0,6,random_same,static,True,100.0,6.950000000000001,77,137.6786331469998,1.7880341967142832,trial_7
100,0.1,1.0,6,random_same,static,True,100.0,6.950000000000002,96,177.26839995,1.8465458328125,trial_2
100,0.1,1.0,6,random_same,static,False,91.66666666666666,6.357911199483403,200,322.92343598299976,1.6146171799149989,trial_74
100,0.1,1.0,6,random_same,static,True,100.0,6.95,84,151.69287282200003,1.8058675335952383,trial_42
100,0.1,1.0,6,random_same,static,True,100.0,6.95,88,188.51821638399997,2.1422524589090908,trial_95
100,0.1,1.0,6,random_same,static,True,100.0,6.949999999999998,74,133.37131317500007,1.8023150429054062,trial_23
100,0.1,1.0,6,same,static,False,75.0,5.1797204084208275,200,736.7603432449998,3.683801716224999,trial_73
100,0.1,1.0,6,random_same,static,True,100.0,6.830393825334336,103,237.4792527210002,2.3056238128252446,trial_35
100,0.1,1.0,6,random_same,static,False,91.66666666666666,6.344143276036882,200,380.72454824600027,1.9036227412300013,trial_45
100,0.1,1.0,6,random_same,static,True,100.0,6.950000000000001,60,153.7110484259997,2.561850807099995,trial_72
100,0.1,1.0,6,same,static,False,98.87053293246458,6.442871995991313,200,537.5262028060001,2.687631014030001,trial_21
100,0.1,1.0,6,random_same,static,True,100.0,6.949426094383524,139,285.36935906300005,2.0530169716762594,trial_1
100,0.1,1.0,6,random_same,static,True,100.0,6.949943564823148,113,220.0638831209999,1.947467992221238,trial_92
100,0.1,1.0,6,random_same,static,False,91.66666666666666,6.3692477692865435,200,396.0636216170001,1.9803181080850003,trial_24
100,0.1,1.0,6,random_same,static,True,100.0,6.949999999999999,45,90.59273699999994,2.013171933333332,trial_39
100,0.1,1.0,6,random_same,static,True,100.0,6.949999999999998,67,145.47549106799988,2.1712759860895505,trial_13
100,0.1,1.0,6,random_same,static,True,100.0,6.95,55,131.40183094999975,2.3891241990909045,trial_53
100,0.1,1.0,6,random_same,static,True,100.0,6.949728845215036,62,134.20681135799987,2.164625989645159,trial_98
100,0.1,1.0,6,random_same,static,False,81.21736228130581,4.768556786702826,200,348.89283359399997,1.74446416797,trial_54
100,0.1,1.0,6,random_same,static,True,100.0,6.936696325896991,116,212.7319905710001,1.833896470439656,trial_63
100,0.1,1.0,6,random_same,static,True,100.0,6.949999999999999,53,127.10905666300005,2.398284087981133,trial_10
100,0.1,1.0,6,random_same,static,True,100.0,6.864246762048164,68,139.4156513920002,2.050230167529415,trial_97
100,0.1,1.0,6,random_same,static,False,83.33333333333334,5.791666666666666,200,417.9842238990002,2.089921119495001,trial_52
100,0.1,1.0,6,random_same,static,True,100.0,6.941098316810053,44,102.10293134599988,2.3205211669545425,trial_38
100,0.1,1.0,6,random_same,static,True,100.0,6.9456349379810565,63,135.85674419499992,2.156456257063491,trial_64
100,0.1,1.0,6,random_same,static,True,100.0,6.95,127,214.65658727400023,1.690209348614175,trial_44
100,0.1,1.0,6,random_same,static,False,90.60713459657104,5.850911577501749,200,508.91138451000006,2.5445569225500004,trial_48
100,0.1,1.0,6,random_same,static,True,100.0,6.949999999999998,84,167.121739874,1.989544522309524,trial_28
100,0.1,1.0,6,random_same,static,False,83.33333333333334,5.791666666666666,200,272.13392096000007,1.3606696048000004,trial_20
100,0.1,1.0,6,random_same,static,False,73.13406857099565,4.603672968969447,200,499.8666590070002,2.499333295035001,trial_86
100,0.1,1.0,6,random_same,static,True,100.0,6.9499999999999975,109,205.94154617499998,1.8893719832568805,trial_69
100,0.1,1.0,6,random_same,static,True,100.0,6.925264386143935,120,223.60016851199998,1.8633347375999998,trial_76
100,0.1,1.0,6,random_same,static,True,100.0,6.94999815622087,59,124.43798378599968,2.1091183692542317,trial_68
100,0.1,1.0,6,random_same,static,False,83.33333333333334,5.787560213272589,200,553.0420243899998,2.765210121949999,trial_3
100,0.1,1.0,6,random_same,static,True,100.0,6.95,118,218.92252624499997,1.8552756461440676,trial_67
100,0.1,1.0,6,random_same,static,True,100.0,6.950000000000002,125,276.783183003,2.214265464024,trial_59
100,0.1,1.0,6,random_same,static,True,100.0,6.949999999999998,76,161.99885268799972,2.131563851157891,trial_83
100,0.1,1.0,6,random_same,static,True,100.0,6.935550734236961,133,260.21138712799984,1.9564765949473673,trial_77
100,0.1,1.0,6,random_same,static,True,100.0,6.9498576477638725,37,90.05742261400019,2.433984394972978,trial_37
100,0.1,1.0,6,random_same,static,False,58.33333333333333,4.051394845258392,200,475.7594333709999,2.3787971668549996,trial_56
100,0.1,1.0,6,random_same,static,True,100.0,6.947736018509714,178,327.91260454500025,1.8422056435112373,trial_85
100,0.1,1.0,6,random_same,static,True,100.0,6.949999999999999,72,146.68415610300008,2.0372799458750013,trial_12
100,0.1,1.0,6,random_same,static,True,100.0,6.737688197051374,72,150.3530941160002,2.0882374182777803,trial_27
100,0.1,1.0,6,random_same,static,False,83.33333333333334,5.776674243384189,200,470.74888126199994,2.3537444063099997,trial_18
100,0.1,1.0,6,random_same,static,True,100.0,6.949999999999999,63,120.7627734329999,1.9168694195714269,trial_75
100,0.1,1.0,6,random_same,static,True,100.0,6.95,85,141.682055968,1.666847717270588,trial_31
100,0.1,1.0,6,random_same,static,True,100.0,6.944336695971167,61,172.5943109220002,2.8294149331475444,trial_29
100,0.1,1.0,6,random_same,static,True,100.0,6.949114843035069,74,155.29677632300036,2.098605085445951,trial_80
100,0.1,1.0,6,random_same,static,True,100.0,6.95,77,162.81005981600038,2.114416361246758,trial_36
100,0.1,1.0,6,random_same,static,False,75.0,5.2124899070097825,200,602.037329475,3.010186647375,trial_22
100,0.1,1.0,6,random_same,static,True,100.0,6.95,68,148.42202975199962,2.1826769081176414,trial_33
100,0.1,1.0,6,random_same,static,True,100.0,6.949999999999999,52,100.47803579599986,1.9322699191538435,trial_17
100,0.1,1.0,6,random_same,static,True,100.0,6.949996907951212,123,288.7593824569999,2.3476372557479666,trial_84
100,0.1,1.0,6,random_same,static,True,100.0,6.94979672785591,81,147.2864152279999,1.8183508052839494,trial_11
100,0.1,1.0,6,random_same,static,True,100.0,6.864584484401993,83,171.06935399700023,2.0610765541807257,trial_71
100,0.1,1.0,6,random_same,static,True,100.0,6.95,62,155.67515182900024,2.5108895456290363,trial_19
100,0.1,1.0,6,random_same,static,False,91.66666666666666,6.327683698332442,200,487.9579835459999,2.4397899177299998,trial_34
100,0.1,1.0,6,random_same,static,True,100.0,6.948040610814821,76,179.53458906600008,2.362297224552633,trial_57
100,0.1,1.0,6,random_same,static,True,100.0,6.950000000000001,68,127.51566391699998,1.875230351720588,trial_65
100,0.1,1.0,6,random_same,static,True,100.0,6.888769552085467,50,111.68701975000022,2.2337403950000043,trial_87
100,0.1,1.0,6,random_same,static,True,100.0,6.950000000000002,89,177.0764717279999,1.9896232778426954,trial_88
100,0.1,1.0,6,random_same,static,True,100.0,6.920329054257242,46,121.24007136199998,2.635653725260869,trial_96
100,0.1,1.0,6,random_same,static,True,100.0,6.949999999999999,91,201.67086657699974,2.216163368978019,trial_90
100,0.1,1.0,6,random_same,static,False,83.33333333333334,5.789760212134329,200,272.31440009000016,1.3615720004500007,trial_94
100,0.1,1.0,6,random_same,static,False,91.66666666666666,6.370833333333334,200,552.3690978329996,2.761845489164998,trial_93
100,0.1,1.0,6,random_same,static,True,100.0,6.945618880821184,81,171.99722724899993,2.123422558629629,trial_15
100,0.1,1.0,6,random_same,static,False,83.33333333333334,5.751341143486388,200,477.4349796639999,2.3871748983199996,trial_73
100,0.1,1.0,6,random_same,static,True,100.0,6.845724327612744,94,171.5157337710002,1.8246354656489385,trial_26
100,0.1,1.0,6,zero,static,True,100.0,6.88636424622881,83,147.61549388100002,1.7784999262771086,trial_45
100,0.1,1.0,6,random_same,static,False,90.24917785335288,5.844758009053426,200,223.6007824630001,1.1180039123150005,trial_99
100,0.1,1.0,6,random_same,static,True,100.0,6.942281202969283,91,230.15699006099976,2.5291976929780193,trial_70
100,0.1,1.0,6,zero,static,True,100.0,6.9499999999999975,85,149.08335264800007,1.7539217958588245,trial_46
100,0.1,1.0,6,random_same,static,True,100.0,6.907673720290448,117,213.6295694219998,1.8258937557435881,trial_61
100,0.1,1.0,6,zero,static,True,100.0,6.916430009859084,59,131.62905766099993,2.2310009773050834,trial_16
100,0.1,1.0,6,random_same,static,True,100.0,6.912208933900825,176,451.8112799679998,2.567109545272726,trial_91
100,0.1,1.0,6,zero,static,True,100.0,6.937579551477406,65,177.3332645329997,2.7282040697384566,trial_3
100,0.1,1.0,6,zero,static,True,100.0,6.9315288847360055,93,161.22598290899987,1.7336127194516116,trial_41
100,0.1,1.0,6,random_same,static,False,75.0,5.2125,200,359.35969077499976,1.7967984538749988,trial_66
100,0.1,1.0,6,zero,static,True,100.0,6.95,86,170.40614844000038,1.981466842325586,trial_74
100,0.1,1.0,6,random_same,static,False,83.33333333333334,5.791666662013771,200,320.88506827599986,1.6044253413799994,trial_5
100,0.1,1.0,6,zero,static,True,100.0,6.949572961259381,43,110.7553687200002,2.57570624930233,trial_43
100,0.1,1.0,6,zero,static,True,100.0,6.946467010101305,80,198.92682845599984,2.486585355699998,trial_48
100,0.1,1.0,6,random_same,static,True,100.0,6.949289062370674,191,374.91871102999994,1.962925188638743,trial_89
100,0.1,1.0,6,random_same,static,False,91.66666666666666,6.370833333333332,200,516.771367457,2.583856837285,trial_8
100,0.1,1.0,6,zero,static,True,100.0,6.949945754485473,79,143.7848091589999,1.8200608754303786,trial_24
100,0.1,1.0,6,random_same,static,False,83.33333333333334,5.791665764188183,200,449.48235570299994,2.2474117785149996,trial_47
100,0.1,1.0,6,random_same,static,True,100.0,6.950000000000002,137,388.47198140599994,2.835561908072992,trial_21
100,0.1,1.0,6,zero,static,True,100.0,6.932162549673317,94,165.729780313,1.763082769287234,trial_25
100,0.1,1.0,6,zero,static,True,100.0,6.9499911115005215,85,153.46785709300002,1.8055042010941178,trial_79
100,0.1,1.0,6,random_same,static,False,91.66666666666666,6.370833333333333,200,496.3076058380002,2.481538029190001,trial_62
100,0.1,1.0,6,zero,static,True,100.0,6.950000000000001,57,127.09167321999985,2.229678477543857,trial_14
100,0.1,1.0,6,random_same,static,False,83.33333333333334,5.7916661718067415,200,430.84164643500026,2.154208232175001,trial_30
100,0.1,1.0,6,zero,static,True,100.0,6.930269515452035,67,124.19149563600013,1.8536044124776139,trial_95
100,0.1,1.0,6,zero,static,True,100.0,6.92274091821734,61,160.39790207299984,2.629473804475407,trial_55
100,0.1,1.0,6,random_same,static,False,91.66666666666666,6.370833333333334,200,604.612741892,3.02306370946,trial_49
100,0.1,1.0,6,zero,static,True,100.0,6.950000000000002,57,136.76676722499997,2.3994169688596485,trial_92
100,0.1,1.0,6,zero,static,True,100.0,6.917190957416213,127,234.7789608510002,1.8486532350472455,trial_1
100,0.1,1.0,6,random_same,static,False,58.33333333333333,4.054136958523402,200,597.0826415490001,2.985413207745,trial_32
100,0.1,1.0,6,zero,static,True,100.0,6.916359694844188,68,148.58856716599985,2.185125987735292,trial_7
100,0.1,1.0,6,random_same,static,False,58.33333333333333,4.054166666666665,200,557.9807223950002,2.7899036119750007,trial_58
100,0.1,1.0,6,zero,static,False,58.33333333333333,4.054166666666667,200,382.0689541319998,1.9103447706599992,trial_6
100,0.1,1.0,6,zero,static,False,83.33333333333334,5.698309678055491,200,388.42009948299983,1.9421004974149991,trial_4
100,0.1,1.0,6,zero,static,True,100.0,6.946308395486823,93,185.39938050799992,1.9935417258924724,trial_9
100,0.1,1.0,6,zero,static,True,100.0,6.942966956788971,53,127.92412458699982,2.4136627280566003,trial_72
100,0.1,1.0,6,zero,static,False,83.33333333333334,5.753152827781069,200,378.8948707270001,1.8944743536350006,trial_81
100,0.1,1.0,6,zero,static,True,100.0,6.949903072339958,81,161.19306890500002,1.9900378877160496,trial_23
100,0.1,1.0,6,zero,static,False,58.33333333333333,4.007267877458388,200,346.4866473730003,1.7324332368650017,trial_56
100,0.1,1.0,6,zero,static,False,91.66666666666666,6.331387264761939,200,384.18050474400025,1.9209025237200013,trial_22
100,0.1,1.0,6,zero,static,True,100.0,6.856437435100798,45,89.9402705739999,1.9986726794222198,trial_98
100,0.1,1.0,6,zero,static,True,100.0,6.930076336732009,57,144.939884679,2.542804994368421,trial_93
100,0.1,1.0,6,zero,static,False,58.33333333333333,4.054166666666666,200,289.02197557599993,1.4451098778799996,trial_2
100,0.1,1.0,6,zero,static,False,91.66666666666666,6.303418867586687,200,393.9065528580004,1.969532764290002,trial_52
100,0.1,1.0,6,zero,static,True,100.0,6.932610145202146,64,150.65813110199997,2.3540332984687495,trial_59
100,0.1,1.0,6,zero,static,False,50.0,3.4749999999999988,200,368.0677305019999,1.8403386525099996,trial_54
100,0.1,1.0,6,zero,static,True,100.0,6.949980097157241,85,175.647078426,2.0664362167764705,trial_63
100,0.1,1.0,6,zero,static,False,83.33333333333334,5.791666666666666,200,286.35424867699976,1.4317712433849987,trial_42
100,0.1,1.0,6,zero,static,True,100.0,6.924102245036547,94,149.01340994400016,1.5852490419574485,trial_76
100,0.1,1.0,6,zero,static,False,83.33333333333334,5.791655177166803,200,460.338253292,2.3016912664599998,trial_0
100,0.1,1.0,6,zero,static,False,91.66666666666666,6.3666816938863455,200,592.3059036919999,2.9615295184599995,trial_60
100,0.1,1.0,6,zero,static,True,100.0,6.949797198304611,52,137.26894891099982,2.6397874790576887,trial_53
100,0.1,1.0,6,zero,static,True,100.0,6.916144132098833,57,137.18475269400005,2.406750047263159,trial_69
100,0.1,1.0,6,zero,static,True,100.0,6.826802796061593,96,171.70644331699987,1.788608784552082,trial_44
100,0.1,1.0,6,zero,static,True,100.0,6.943933920911457,78,170.86657471099988,2.1905971116794856,trial_13
100,0.1,1.0,6,random_same,static,False,83.33333333333334,5.7835703339542475,200,642.3854752050001,3.2119273760250007,trial_82
100,0.1,1.0,6,zero,static,True,100.0,6.95,55,116.597086235,2.1199470224545456,trial_39
100,0.1,1.0,6,zero,static,True,100.0,6.949999999999999,45,97.3919908099997,2.164266462444438,trial_38
100,0.1,1.0,6,zero,static,False,75.0,5.149703055258757,200,290.63192336600014,1.4531596168300007,trial_34
100,0.1,1.0,6,zero,static,False,58.33333333333333,4.054166666666667,200,517.919489672,2.58959744836,trial_86
100,0.1,1.0,6,zero,static,False,83.33333333333334,5.658319924234666,200,451.7444485799997,2.2587222428999985,trial_35
100,0.1,1.0,6,zero,static,True,100.0,6.942872050680131,55,124.70479051600023,2.2673598275636406,trial_64
100,0.1,1.0,6,zero,static,True,100.0,6.877356916498944,62,140.6052851039999,2.2678271790967726,trial_28
100,0.1,1.0,6,zero,static,False,83.33333333333334,5.791666666487208,200,671.5434047810004,3.357717023905002,trial_51
100,0.1,1.0,6,zero,static,False,91.66666666666666,6.370833333333334,200,251.44214151200003,1.25721070756,trial_77
100,0.1,1.0,6,zero,static,True,100.0,6.944270110556291,60,124.60519158399984,2.076753193066664,trial_83
100,0.1,1.0,6,zero,static,True,100.0,6.95,55,129.79222988899983,2.359858725254542,trial_68
100,0.1,1.0,6,zero,static,True,100.0,6.941273610270982,59,125.40142152199996,2.125447822406779,trial_8
100,0.1,1.0,6,zero,static,True,100.0,6.946759659641773,63,118.33332767599995,1.8783067885079359,trial_36
100,0.1,1.0,6,zero,static,True,100.0,6.943378571732343,56,119.72642729200015,2.137971915928574,trial_80
100,0.1,1.0,6,zero,static,False,91.66666666666666,6.364615352746588,200,518.3013735240002,2.5915068676200006,trial_18
100,0.1,1.0,6,zero,static,False,41.666666666666664,2.895833333333333,200,298.48402757099984,1.4924201378549993,trial_67
100,0.1,1.0,6,zero,static,True,100.0,6.906933547684694,98,240.0498436570001,2.4494882005816336,trial_10
100,0.1,1.0,6,zero,static,False,83.33333333333334,5.791657337126457,200,420.5671517179999,2.1028357585899995,trial_85
100,0.1,1.0,6,zero,static,False,91.66666666666666,6.370138369024989,200,327.44150546599985,1.6372075273299993,trial_97
100,0.1,1.0,6,zero,static,True,100.0,6.888733299335826,71,146.14352219800003,2.058359467577465,trial_17
100,0.1,1.0,6,zero,static,False,75.0,5.212499978191749,200,642.9048079109998,3.214524039554999,trial_50
100,0.1,1.0,6,zero,static,True,100.0,6.949788151336444,118,214.67142830800003,1.8192493924406783,trial_94
100,0.1,1.0,6,zero,static,True,100.0,6.9499718647931275,89,203.70103162399982,2.288775636224717,trial_90
100,0.1,1.0,6,zero,static,False,83.33333333333334,5.766949265367518,200,770.741775774,3.85370887887,trial_78
100,0.1,1.0,6,zero,static,False,83.33333333333334,5.791666666666667,200,642.29288701,3.21146443505,trial_40
100,0.1,1.0,6,zero,static,False,83.33333333333334,5.791638262679664,200,387.3466239620002,1.936733119810001,trial_84
100,0.1,1.0,6,zero,static,False,91.66666666666666,6.370833333333334,200,284.90060496499973,1.4245030248249986,trial_62
100,0.1,1.0,6,zero,static,True,100.0,6.927910308999961,83,157.6180297009996,1.89901240603614,trial_70
100,0.1,1.0,6,zero,static,True,100.0,6.883312915763483,189,413.3831350610003,2.1872123548201072,trial_29
100,0.1,1.0,6,zero,static,False,75.0,5.164635307717037,200,383.15128757599996,1.9157564378799998,trial_31
100,0.1,1.0,6,zero,static,True,100.0,6.9499999999999975,79,158.9777686479997,2.0123768183291104,trial_65
100,0.1,1.0,6,zero,static,True,100.0,6.897080784884089,181,454.30229593299964,2.5099574360939205,trial_91
100,0.1,1.0,6,zero,static,False,75.0,5.2125,200,653.9427288530001,3.2697136442650003,trial_20
100,0.1,1.0,6,zero,static,False,58.33333333333333,4.054165658103243,200,327.75530494099985,1.6387765247049992,trial_58
100,0.1,1.0,6,zero,static,False,83.33333333333334,5.791660079116343,200,373.67513887099994,1.8683756943549996,trial_11
100,0.1,1.0,6,zero,static,False,75.0,5.19437651238993,200,393.5016147450001,1.9675080737250006,trial_71
100,0.1,1.0,6,zero,static,True,100.0,6.94241222663426,78,141.68187007899996,1.8164342317820508,trial_15
100,0.1,1.0,6,zero,static,False,91.66666666666666,6.278859257531513,200,533.2176747210001,2.6660883736050005,trial_73
100,0.1,1.0,6,zero,static,False,91.66666666666666,6.3708333333333345,200,412.7215810590001,2.0636079052950005,trial_19
100,0.1,1.0,6,zero,static,True,100.0,6.944187236065636,68,120.67922699500014,1.774694514632355,trial_26
100,0.1,1.0,6,zero,static,False,91.66666666666666,6.319016446300495,200,515.8633816319998,2.579316908159999,trial_12
100,0.1,1.0,6,zero,static,False,58.33333333333333,4.02448860054606,200,538.2777694649999,2.6913888473249994,trial_27
100,0.1,1.0,6,zero,static,True,100.0,6.87153532367012,73,150.20952439099983,2.057664717684929,trial_82
100,0.1,1.0,6,accelerate,static,True,100.0,6.9125413927797705,52,120.54799913999977,2.3182307526923034,trial_60
100,0.1,1.0,6,zero,static,True,100.0,6.95,95,189.71666646199992,1.9970175417052622,trial_61
100,0.1,1.0,6,accelerate,static,True,100.0,6.8954079769350285,43,87.99175089599976,2.0463197882790642,trial_16
100,0.1,1.0,6,zero,static,False,91.66666666666666,6.370833107227742,200,496.2880098319997,2.4814400491599984,trial_33
100,0.1,1.0,6,accelerate,static,True,100.0,6.950000000000001,55,117.55654379299995,2.1373917053272717,trial_51
100,0.1,1.0,6,zero,static,False,75.0,5.2125,200,553.485174298,2.7674258714899995,trial_49
100,0.1,1.0,6,zero,static,False,83.33333333333334,5.791666666666668,200,485.90677374300003,2.429533868715,trial_32
100,0.1,1.0,6,zero,static,False,99.55351997794007,6.439554924297405,200,469.96251336600017,2.3498125668300007,trial_66
100,0.1,1.0,6,zero,static,False,58.33333333333333,4.054166666666666,200,554.0600823589998,2.770300411794999,trial_75
100,0.1,1.0,6,zero,static,False,66.66666666666667,4.609326102613561,200,507.65526579599964,2.538276328979998,trial_57
100,0.1,1.0,6,accelerate,static,True,100.0,6.94094484969116,66,179.4743172210001,2.7193078366818195,trial_48
100,0.1,1.0,6,accelerate,static,True,100.0,6.949999662488397,146,222.7409143709997,1.5256227011712307,trial_45
100,0.1,1.0,6,zero,static,False,83.33333333333334,5.791666666666666,200,577.1839495569998,2.8859197477849987,trial_47
100,0.1,1.0,6,accelerate,static,True,100.0,6.910073619943123,111,191.54521166299992,1.7256325375045038,trial_41
100,0.1,1.0,6,accelerate,static,True,100.0,6.900933279104492,117,206.17491179900026,1.7621787333247885,trial_46
100,0.1,1.0,6,accelerate,static,True,100.0,6.939288692438602,59,116.4643795449997,1.973972534661012,trial_81
100,0.1,1.0,6,accelerate,static,True,100.0,6.876879977398634,79,218.09863524399998,2.7607422182784807,trial_3
100,0.1,1.0,6,accelerate,static,True,100.0,6.814487473616061,103,194.84122775200012,1.8916624053592246,trial_74
100,0.1,1.0,6,accelerate,static,True,100.0,6.949955409094315,44,115.37667512600001,2.6221971619545457,trial_43
100,0.1,1.0,6,zero,static,False,75.0,5.2124999999999995,200,672.8035471609996,3.3640177358049983,trial_37
100,0.1,1.0,6,zero,static,False,91.66666666666666,6.370802028242385,200,504.6945369109999,2.5234726845549993,trial_88
100,0.1,1.0,6,accelerate,static,True,100.0,6.95,95,177.61659883200036,1.8696484087578986,trial_0
100,0.1,1.0,6,accelerate,static,True,100.0,6.914302901841996,107,199.7492470549996,1.8668153930373796,trial_25
100,0.1,1.0,6,zero,static,False,90.07850702836572,5.857818764392364,200,425.37943375700024,2.126897168785001,trial_99
100,0.1,1.0,6,zero,static,False,83.33333333333334,5.791665904290002,200,404.8441506070003,2.0242207530350016,trial_30
100,0.1,1.0,6,accelerate,static,True,100.0,6.948413824727189,91,168.60307912500002,1.8527810892857146,trial_52
100,0.1,1.0,6,accelerate,static,True,100.0,6.949999999999999,64,150.28475839600014,2.3481993499375022,trial_79
100,0.1,1.0,6,zero,static,False,83.33333333333334,5.791452010274899,200,539.2980329529996,2.696490164764998,trial_21
100,0.1,1.0,6,zero,static,False,91.66666666666666,6.370833333333335,200,551.1938348560002,2.755969174280001,trial_89
100,0.1,1.0,6,accelerate,static,True,100.0,6.946337281466246,111,212.56786319499997,1.9150257945495492,trial_24
100,0.1,1.0,6,accelerate,static,True,100.0,6.918243380595047,98,203.90366921399982,2.080649685857141,trial_22
100,0.1,1.0,6,accelerate,static,True,100.0,6.948604558187517,125,272.25763049499983,2.1780610439599988,trial_4
100,0.1,1.0,6,zero,static,False,91.66666666666666,6.370833333333334,200,458.33274486400023,2.291663724320001,trial_87
100,0.1,1.0,6,accelerate,static,True,100.0,6.95,58,145.47749641500013,2.508232696810347,trial_14
100,0.1,1.0,6,accelerate,static,True,100.0,6.949995235047835,44,128.84300013199982,2.9282500029999956,trial_40
100,0.1,1.0,6,accelerate,static,True,100.0,6.93226211483546,71,168.3404171279999,2.37099179053521,trial_50
100,0.1,1.0,6,accelerate,static,True,100.0,6.949893527939464,75,156.192537807,2.08256717076,trial_95
100,0.1,1.0,6,accelerate,static,True,100.0,6.858150266947909,119,250.47714924899992,2.1048499936890748,trial_56
100,0.1,1.0,6,accelerate,static,True,100.0,6.949999999999998,67,159.09653271000025,2.3745751150746304,trial_92
100,0.1,1.0,6,accelerate,static,True,100.0,6.927587950539097,76,135.60121415499998,1.7842265020394734,trial_23
100,0.1,1.0,6,accelerate,static,True,100.0,6.9189848109203025,57,142.1175189370001,2.4932898059122826,trial_72
100,0.1,1.0,6,accelerate,static,True,100.0,6.913596554676216,76,166.87603903499985,2.1957373557236823,trial_7
100,0.1,1.0,6,accelerate,static,True,100.0,6.912613399485635,85,231.42226594400017,2.7226148934588257,trial_55
100,0.1,1.0,6,accelerate,static,True,100.0,6.940569341004728,94,227.40220305500043,2.4191723729255363,trial_9
100,0.1,1.0,6,accelerate,static,False,58.33333333333333,4.054166666666666,200,421.11932102799983,2.1055966051399992,trial_6
100,0.1,1.0,6,accelerate,static,True,100.0,6.904453905098113,120,254.7263997350001,2.1227199977916675,trial_18
100,0.1,1.0,6,accelerate,static,True,100.0,6.950000000000001,42,85.05295371200009,2.0250703264761927,trial_39
100,0.1,1.0,6,accelerate,static,True,100.0,6.949046292130744,181,308.2825072730002,1.7032182722265203,trial_54
100,0.1,1.0,6,zero,static,False,91.66666666666666,6.338526788687418,200,610.9167992960001,3.054583996480001,trial_96
100,0.1,1.0,6,accelerate,static,True,100.0,6.948432797430122,184,346.0817597639998,1.880879129152173,trial_1
100,0.1,1.0,6,zero,static,False,91.66666666666666,6.370826201314111,200,656.0901856829996,3.2804509284149983,trial_5
100,0.1,1.0,6,accelerate,static,True,100.0,6.928376595857371,127,274.31530258999965,2.159963012519682,trial_2
100,0.1,1.0,6,accelerate,static,True,100.0,6.939383151041714,86,162.82941666800025,1.893365310093026,trial_13
100,0.1,1.0,6,accelerate,static,True,100.0,6.949999999999998,101,195.94802151999966,1.9400794209900956,trial_85
100,0.1,1.0,6,accelerate,static,True,100.0,6.950000000000001,76,194.90387023999983,2.5645246084210505,trial_59
100,0.1,1.0,6,accelerate,static,True,100.0,6.95,110,192.6232215609998,1.7511201960090892,trial_44
100,0.1,1.0,6,accelerate,static,True,100.0,6.949673866557982,77,160.68591782099975,2.0868301015714255,trial_98
100,0.1,1.0,6,accelerate,static,True,100.0,6.95,105,185.7349080859999,1.7689038865333324,trial_77
100,0.1,1.0,6,accelerate,static,True,100.0,6.940765645274474,171,276.9142329890001,1.6193814794678367,trial_42
100,0.1,1.0,6,accelerate,static,True,100.0,6.946357325225652,146,242.90787189000048,1.663752547191784,trial_63
100,0.1,1.0,6,accelerate,static,True,100.0,6.925299957458532,113,267.94775286199956,2.3712190518761025,trial_34
100,0.1,1.0,6,accelerate,static,True,100.0,6.873194084220523,59,137.90681689500025,2.3374036761864447,trial_10
100,0.1,1.0,6,accelerate,static,True,100.0,6.943505794883969,75,198.82744877700043,2.6510326503600057,trial_53
100,0.1,1.0,6,accelerate,static,True,100.0,6.930317736931984,160,375.97765661300036,2.3498603538312524,trial_35
100,0.1,1.0,6,accelerate,static,True,100.0,6.919477546189665,77,178.87279280599978,2.3230232831948023,trial_97
100,0.1,1.0,6,accelerate,static,True,100.0,6.949999999999999,68,161.77719091499966,2.379076336985289,trial_64
100,0.1,1.0,6,accelerate,static,True,100.0,6.945676087263478,74,143.86655540599986,1.9441426406216198,trial_68
100,0.1,1.0,6,accelerate,static,True,100.0,6.896569972802914,82,218.85315652100007,2.668940933182928,trial_28
100,0.1,1.0,6,accelerate,static,True,100.0,6.948467025075516,86,157.02087677000054,1.8258241484883784,trial_83
100,0.1,1.0,6,accelerate,static,True,100.0,6.9499586057336025,161,330.16374407099966,2.050706484913041,trial_93
100,0.1,1.0,6,accelerate,static,True,100.0,6.89652279906594,183,524.7316997960002,2.867386337683061,trial_78
100,0.1,1.0,6,accelerate,static,False,83.33333333333334,5.791666666666667,200,287.03887633299973,1.4351943816649986,trial_76
100,0.1,1.0,6,accelerate,static,True,100.0,6.949999999999998,82,141.96182929599945,1.73124182068292,trial_36
100,0.1,1.0,6,accelerate,static,True,100.0,6.944998715997514,57,143.57395454000016,2.518841307719301,trial_29
100,0.1,1.0,6,accelerate,static,True,100.0,6.9308633359344975,61,148.60914058399976,2.436215419409832,trial_12
100,0.1,1.0,6,accelerate,static,True,100.0,6.865210601244507,64,116.87088358200072,1.8261075559687612,trial_75
100,0.1,1.0,6,accelerate,static,True,100.0,6.844547833608719,79,164.48864912999943,2.0821347991139167,trial_27
100,0.1,1.0,6,accelerate,static,False,91.66666666666666,6.369623535546281,200,280.39179618299977,1.4019589809149988,trial_67
100,0.1,1.0,6,accelerate,static,True,100.0,6.91222091225962,87,147.21857743299915,1.6921675567011396,trial_31
100,0.1,1.0,6,accelerate,static,True,100.0,6.949999999999999,100,198.73648003700055,1.9873648003700055,trial_84
100,0.1,1.0,6,accelerate,static,True,100.0,6.9182177464916395,81,180.66848091799966,2.230475073061724,trial_49
100,0.1,1.0,6,accelerate,static,True,100.0,6.950000000000001,70,139.2435778579993,1.98919396939999,trial_19
100,0.1,1.0,6,accelerate,static,True,100.0,6.895973627463206,79,169.8250536530004,2.149684223455701,trial_33
100,0.1,1.0,6,accelerate,static,True,100.0,6.932740320851665,147,312.00795324399996,2.122503083292517,trial_73
100,0.1,1.0,6,accelerate,static,False,83.33333333333334,5.7913037256861735,200,446.3941975499997,2.2319709877499987,trial_20
100,0.1,1.0,6,accelerate,static,False,75.0,5.192311286601383,200,666.1441709159999,3.3307208545799996,trial_86
100,0.1,1.0,6,accelerate,static,True,100.0,6.945911099454267,65,150.1132533380005,2.3094346667384693,trial_5
100,0.1,1.0,6,accelerate,static,True,100.0,6.931715883568073,133,325.008390426,2.4436721084661657,trial_8
100,0.1,1.0,6,accelerate,static,True,100.0,6.942386198184134,71,171.36127989800025,2.413539153492961,trial_70
100,0.1,1.0,6,accelerate,static,True,100.0,6.898234329321343,119,349.1503527499999,2.9340365777310917,trial_38
100,0.1,1.0,6,accelerate,static,True,100.0,6.948646388211677,58,148.10347330500008,2.553508160431036,trial_96
100,0.1,1.0,6,accelerate,static,True,100.0,6.877595775849645,77,184.51876208500016,2.3963475595454566,trial_17
100,0.1,1.0,6,accelerate,static,True,100.0,6.949999983734136,83,188.23169871700065,2.267851791771092,trial_66
100,0.1,1.0,6,accelerate,static,True,100.0,6.949999999999999,59,141.72395687599965,2.402100963999994,trial_87
100,0.1,1.0,6,accelerate,static,True,100.0,6.95,83,183.03167112000028,2.2052008568674735,trial_88
100,0.1,1.0,6,accelerate,static,True,100.0,6.943639373117957,112,250.24640687800002,2.2343429185535717,trial_11
100,0.1,1.0,6,accelerate,static,True,100.0,6.926418765005327,150,281.4326036900002,1.8762173579333346,trial_71
100,0.1,1.0,6,accelerate,static,True,100.0,6.947662223227758,131,250.78864030300065,1.9144171015496232,trial_94
100,0.1,1.0,6,accelerate,static,True,100.0,6.9431982373113605,105,186.83493930499935,1.7793803743333272,trial_99
100,0.1,1.0,6,accelerate,static,True,100.0,6.9335400885707354,150,292.8261795090002,1.9521745300600015,trial_47
100,0.1,1.0,6,accelerate,static,False,91.66666666666666,6.364728246415691,200,333.11294203800026,1.6655647101900013,trial_80
100,0.1,1.0,6,accelerate,static,True,100.0,6.947497393704066,127,232.07645103699997,1.8273736302125982,trial_62
100,0.1,1.0,6,accelerate,static,True,100.0,6.94072106877071,52,113.97650818300008,2.1918559265961552,trial_82
100,0.1,1.0,6,accelerate,static,True,100.0,6.922665504186828,93,179.7613778749992,1.932918041666658,trial_65
100,0.1,1.0,6,accelerate,static,False,91.66666666666666,6.370833333333333,200,467.476680536,2.33738340268,trial_69
100,0.1,1.0,6,accelerate,static,True,100.0,6.95,94,144.95051253600013,1.5420267291063845,trial_15
100,0.1,1.0,6,accelerate,static,True,100.0,6.95,122,188.03999028999988,1.5413113958196711,trial_30
100,0.1,1.0,6,accelerate,static,True,100.0,6.9317763485625585,108,216.70724851199975,2.0065485973333312,trial_21
100,0.1,1.0,6,accelerate,static,True,100.0,6.95,129,243.44397246599965,1.8871625772558112,trial_90
100,0.1,1.0,6,accelerate,static,True,100.0,6.934403292049739,103,143.07295885799977,1.389057852990289,trial_26
100,0.1,1.0,6,accelerate,static,True,100.0,6.942928386504124,107,157.03476850599964,1.467614658934576,trial_61
100,0.1,1.0,6,accelerate,static,True,100.0,6.833115956277302,184,388.59858534700015,2.1119488334076095,trial_91
100,0.1,1.0,6,accelerate,static,False,91.66666666666666,6.318227597454113,200,251.94552263700007,1.2597276131850004,trial_89
100,0.1,1.0,6,accelerate,static,True,100.0,6.867661550542612,194,271.0357601760006,1.3970915472989722,trial_57
100,0.1,1.0,6,accelerate,static,False,91.03823528433767,5.8618787871019205,200,396.3113326550001,1.9815566632750006,trial_37
100,0.1,1.0,6,accelerate,static,False,83.33333333333334,5.791666666666667,200,350.5290626880005,1.7526453134400026,trial_32
100,0.1,1.0,6,accelerate,static,False,58.33333333333333,4.054166666666667,200,305.8263811679999,1.5291319058399995,trial_58
